smiles,MinAbsEStateIndex,BalabanJ,Chi3n,Chi3v,SMR_VSA3,SMR_VSA5,SMR_VSA7,SlogP_VSA10,SlogP_VSA11,SlogP_VSA3,SlogP_VSA4,EState_VSA2,EState_VSA6,EState_VSA9,VSA_EState3,VSA_EState8,VSA_EState9,FractionCSP3,NumHDonors,fr_Al_OH_noTert,fr_benzene,fr_imide,fr_unbrch_alkane,value
*CC(*)C,0.75,2.5395388613593908,0.0,0.0,0.0,20.268296022307258,0.0,0.0,0.0,0.0,0.0,0.0,6.923737199690624,0.0,0.0,4.0625,0.0,1.0,0,0,0,0,0,2.61
*CC(*)F,0.0833333333333333,2.5395388613593908,0.0,0.0,0.0,13.598328171965532,0.0,4.39041504767482,0.0,0.0,0.0,6.674590972274908,0.0,0.0,0.0,0.7453703703703702,0.0,1.0,0,0,0,0,0,3.36
*CC(*)(F)F,0.0277777777777776,3.168489872670569,0.0,0.0,0.0,13.349181944549816,0.0,8.78083009534964,0.0,0.0,0.0,0.0,0.0,0.0,0.0,0.2986111111111111,0.0,1.0,0,0,0,0,0,3.37
*C(F)C(*)(F)F,0.7638888888888888,3.541196965079901,0.0824786098842322,0.0824786098842322,0.0,13.100035717134098,0.0,13.17124514302446,0.0,0.0,0.0,0.0,0.0,0.0,0.0,-1.6736111111111118,0.0,1.0,0,0,0,0,0,3.06
*CCC(F)(F)C(*)(F)F,0.1550694444444444,4.101783752547981,0.5904700003179685,0.5904700003179685,0.0,25.692532735570403,0.0,17.56166019069928,0.0,0.0,0.0,0.0,0.0,0.0,0.0,0.3559027777777777,0.0,1.0,0,0,0,0,0,3.08
*CO*,0.3194444444444444,1.9747448713915892,0.0,0.0,0.0,0.0,0.0,0.0,0.0,5.106527394840706,0.0,0.0,0.0,5.106527394840706,4.902777777777778,0.0,1.1805555555555556,1.0,0,0,0,0,0,3.72
*CCO*,0.2881944444444444,2.19060968716425,0.0,0.0,0.0,6.923737199690624,0.0,0.0,0.0,5.106527394840706,0.0,0.0,0.0,5.106527394840706,5.003472222222222,2.545138888888889,0.0,1.0,0,0,0,0,0,3.15
*CC(O*)C(F)(F)F,0.173912037037037,3.792907831779043,0.36508564589935,0.36508564589935,0.0,19.2040021048824,0.0,13.17124514302446,0.0,5.106527394840706,0.0,6.923737199690624,0.0,0.0,4.451388888888889,0.2847222222222223,0.0,1.0,0,0,0,0,0,2.7
*CCCO*,0.2681944444444444,2.3390923149762908,0.1443375672974064,0.1443375672974064,0.0,13.344558822616634,0.0,0.0,0.0,5.106527394840706,0.0,0.0,0.0,5.106527394840706,5.072222222222222,2.606805555555556,0.0,1.0,0,0,0,0,0,3.03
*Oc1ccc(Cc2ccc(*)cc2)cc1,0.0065856592101178,2.1088517120273824,2.1188692669956835,2.1188692669956835,0.0,6.4208216229260096,59.65783953108687,0.0,5.749511833283905,6.4208216229260096,0.0,0.0,6.06636706846161,5.106527394840706,5.393377048937114,0.0,0.0,0.0769230769230769,0,0,2,0,0,3.5
*CCCCCOCO*,0.1051161344167296,2.6476048489438337,0.8720084679281461,0.8720084679281461,0.0,26.186202068468653,0.0,0.0,0.0,9.843390348640757,0.0,0.0,6.923737199690624,9.843390348640757,4.988486079617032,3.0166242283950613,0.0,1.0,0,0,0,0,2,3.06
*CCOC(=O)NCCOCCOCCNC(=O)O*,0.3086281244358215,3.130180123606886,1.6366393037132516,1.6366393037132516,10.633577208012662,6.923737199690624,0.0,9.589074368143644,0.0,19.31711625624085,0.0,12.18648014187683,0.0,14.210588861400147,9.788648886514627,4.164068293044167,0.0,0.8,2,0,0,0,0,3.53
*c1ccc(-c2nc3cc4nc(*)oc4cc3o2)cc1,0.0186794463219426,1.912951970395641,2.7560371003289346,2.7560371003289346,9.967957041894415,0.0,36.39820241076966,0.0,0.0,0.0,0.0,0.0,0.0,8.834301874106695,0.0,0.0,0.0,0.0,0,0,2,0,0,5.68
*Sc1ccc(*)cc1,0.4362962962962963,2.881555877646136,0.6876496096143718,0.9598151365902804,0.0,4.895483475517775,24.26546827384644,0.0,0.0,0.0,0.0,0.0,6.06636706846161,0.0,0.0,0.0,0.0,0.0,0,0,1,0,0,4.15
*CCOC(=O)CCCCC(=O)O*,0.1085874643067099,3.2674643165825263,1.2748513913879471,1.2748513913879471,0.0,32.60702369139466,0.0,0.0,0.0,19.432464716784395,0.0,11.9386105759037,0.0,9.843390348640757,4.725302203258101,1.7025260071251234,0.0,0.75,0,0,0,0,1,3.25
*CCOC(=O)CCCCCCC(=O)O*,0.0464300767240879,3.201364976875434,1.7748513913879471,1.7748513913879471,0.0,45.448666937246685,0.0,0.0,0.0,19.432464716784395,0.0,11.9386105759037,0.0,9.843390348640757,4.782133007525809,1.7549680687093274,0.0,0.8,0,0,0,0,3,3.16
*CCOC(=O)c1ccc(C(=O)O*)cc1,0.2941312128361188,2.706325568943869,1.5894611216143304,1.5894611216143304,0.0,6.923737199690624,35.392371257240434,0.0,0.0,9.843390348640757,0.0,11.9386105759037,24.26546827384644,9.843390348640757,4.804654055109953,1.563473427760044,0.0,0.2,0,0,1,0,0,3.82
*CCCCOC(=O)c1ccc(C(=O)O*)cc1,0.3005896834680199,2.511191897655054,1.9837986889117365,1.9837986889117365,0.0,19.765380445542643,35.392371257240434,0.0,0.0,9.843390348640757,0.0,11.9386105759037,24.26546827384644,9.843390348640757,4.829203612002168,1.8305235195015208,0.0,0.3333333333333333,0,0,1,0,1,3.59
*CC(=O)O*,0.0648148148148151,2.9881608821342693,0.0,0.0,0.0,6.923737199690624,0.0,0.0,0.0,9.901064578912528,0.0,5.969305287951849,0.0,0.0,4.572916666666667,0.7812499999999999,0.0,0.5,0,0,0,0,0,3.99
*CCCCCC(=O)O*,0.0445776643990933,2.9617756061821483,0.8809008405285682,0.8809008405285682,0.0,32.60702369139466,0.0,0.0,0.0,9.901064578912528,0.0,5.969305287951849,0.0,5.106527394840706,4.757101048752834,1.4751216458805745,0.0,0.8333333333333334,0,0,0,0,2,3.12
*CCC(=O)O*,0.0509259259259262,3.002590528674132,0.2041241452319314,0.2041241452319314,0.0,13.344558822616634,0.0,0.0,0.0,9.901064578912528,0.0,5.969305287951849,0.0,0.0,4.641666666666667,1.1577314814814814,0.0,0.6666666666666666,0,0,0,0,0,3.39
*Oc1ccc(CC(*)=O)cc1,0.0172874149659865,2.709147824373649,1.1996447988905226,1.1996447988905226,0.0,6.4208216229260096,29.82891976554344,0.0,5.749511833283905,11.21535880699783,0.0,0.0,0.0,5.106527394840706,5.254845521541951,0.0,0.0,0.125,0,0,1,0,0,3.52
*Cc1ccc(C(=O)O*)cc1,0.1484315948601657,2.843524062030637,1.1896380335841157,1.1896380335841157,0.0,6.923737199690624,35.392371257240434,0.0,0.0,12.03026459453133,0.0,5.969305287951849,0.0,5.106527394840706,4.836452900604686,1.25317720143613,0.0,0.125,0,0,1,0,0,4.03
*CCC(=O)N*,0.1246759259259259,3.002590528674132,0.2270620726159657,0.2270620726159657,5.733667477162185,13.344558822616634,0.0,0.0,0.0,4.794537184071822,0.0,0.0,0.0,0.0,0.0,1.2202314814814814,0.0,0.6666666666666666,1,0,0,0,0,3.61
*CCCCCCC(=O)N*,0.0865976158982111,2.9549874302986416,1.1538387679126023,1.1538387679126023,5.733667477162185,39.02784531432067,0.0,0.0,0.0,4.794537184071822,0.0,0.0,0.0,0.0,0.0,1.526208978961955,0.0,0.8571428571428571,1,0,0,0,3,3.34
*CC(=O)N*,0.1446759259259259,2.9881608821342693,0.0,0.0,5.733667477162185,6.923737199690624,0.0,0.0,0.0,4.794537184071822,0.0,0.0,0.0,0.0,0.0,0.8923611111111109,0.0,0.5,1,0,0,0,0,4.01
*Nc1cccc(C(*)=O)c1,0.1685185185185185,3.0058892189147386,0.9804222102882484,0.9804222102882484,0.0,0.0,29.82891976554344,5.687386274683562,0.0,0.0,0.0,0.0,0.0,0.0,0.0,0.0,0.0,0.0,1,0,1,0,0,4.43
*Cc1ccc(C(=O)N*)cc1,0.0227142384731671,2.843524062030637,1.2161244706837644,1.2161244706837644,5.733667477162185,6.923737199690624,35.392371257240434,0.0,0.0,6.923737199690624,0.0,5.907179729351506,0.0,0.0,0.0,1.273585364701436,0.0,0.125,1,0,1,0,0,3.96
*CCCCCOC(=O)Nc1ccc(C)c(NC(=O)O*)c1,0.4404991817841124,2.491395918965853,2.5981955649294863,2.5981955649294863,0.0,33.10993926815928,23.762552697081823,20.963846917510768,0.0,9.843390348640757,6.923737199690624,0.0,12.13273413692322,9.843390348640757,10.129143218324456,3.7163956065207246,0.0,0.4285714285714285,2,0,1,0,2,3.72
*CCCCCCN1C(=O)c2ccc(C(=O)c3ccc4c(c3)C(=O)N(*)C4=O)cc2C1=O,0.2436626826656589,1.5436899499958234,5.310262406557256,5.310262406557256,10.216698334856808,32.60702369139466,69.77891136095164,0.0,0.0,0.0,0.0,51.66576983055894,0.0,0.0,1.2624499979466517,1.7685302614930145,0.0,0.2608695652173913,0,0,2,2,3,3.79
*OC(=O)c1ccc(C(*)=O)cc1,0.2484174225245656,2.9340419411151166,1.2384535700530246,1.2384535700530246,0.0,0.0,35.392371257240434,0.0,0.0,5.106527394840706,0.0,12.255465811081404,24.26546827384644,5.106527394840706,4.7783640400604686,0.0,0.0,0.0,0,0,1,0,0,5.0
*CCCCCOC(=O)O*,0.2884023841017888,2.9549874302986416,0.8642507701111299,0.8642507701111299,0.0,26.186202068468653,0.0,4.794537184071822,0.0,9.843390348640757,0.0,0.0,0.0,4.736862953800049,4.557930524061477,2.00164879377677,0.0,0.8333333333333334,0,0,0,0,2,3.09
*Oc1ccc(OC(*)=O)cc1,0.0536649659863943,2.709147824373649,0.9832501699667509,0.9832501699667509,0.0,0.0,24.26546827384644,4.794537184071822,11.49902366656781,0.0,0.0,6.472220864716464,12.13273413692322,9.843390348640757,5.199289965986394,-0.0536649659863943,0.0,0.0,0,0,1,0,0,3.95
*CCCN*,0.5181944444444444,2.3390923149762908,0.1767766952966368,0.1767766952966368,5.733667477162185,13.344558822616634,0.0,0.0,0.0,0.0,0.0,0.0,6.923737199690624,0.0,0.0,2.919305555555556,0.0,1.0,1,0,0,0,0,3.03
*Oc1ccc(C(=O)c2ccc(*)cc2)cc1,0.0830498866213158,2.268204423334219,2.0969271840644508,2.0969271840644508,0.0,0.0,59.65783953108687,0.0,5.749511833283905,0.0,0.0,5.783244946364939,0.0,5.106527394840706,5.317318847878913,0.0,0.0,0.0,0,0,2,0,0,4.32
*c1ccc(*)cc1,0.4594444444444444,3.0324555320336755,0.5515668461264174,0.5515668461264174,0.0,0.0,24.26546827384644,0.0,0.0,0.0,0.0,0.0,12.13273413692322,0.0,0.0,0.0,0.0,0.0,0,0,1,0,0,4.48
*CCc1ccc(-c2ccc(*)cc2)cc1,0.3514969153154579,2.238556210452561,2.2941777539098296,2.2941777539098296,0.0,13.344558822616634,54.09438803938988,0.0,0.0,6.4208216229260096,0.0,0.0,6.06636706846161,0.0,0.0,1.4704453770335806,0.0,0.1428571428571428,0,0,2,0,0,3.58
*OC1C(CO)OC(*)C(O)C1O,0.149537037037037,2.686091484209442,1.6256742665476047,1.6256742665476047,0.0,31.02274751550613,0.0,0.0,0.0,9.843390348640757,0.0,13.213763929025836,0.0,14.94991774348146,33.31856481481482,-0.3592129629629632,0.0,1.0,3,3,0,0,0,3.78
*Cc1ccc(CO*)cc1,0.1208042800453513,2.664537066654608,1.1896380335841157,1.1896380335841157,0.0,13.530619164203545,35.392371257240434,0.0,0.0,18.637146559044247,0.0,0.0,0.0,5.106527394840706,5.267008456160242,2.2138669217687075,0.0,0.25,0,0,1,0,0,3.47
*CCOCCOC(=O)O*,0.3243981481481484,2.9549874302986416,0.59192167074187,0.59192167074187,0.0,6.923737199690624,0.0,4.794537184071822,0.0,14.580253302440804,0.0,0.0,0.0,4.736862953800049,4.50237496850592,2.884131550768456,0.0,0.8,0,0,0,0,0,3.32
*CCC(O*)(C(F)(F)F)C(F)(F)F,0.0190277777777778,5.208377949667092,1.26788231518466,1.26788231518466,0.0,31.298206668487268,0.0,26.34249028604892,0.0,5.106527394840706,0.0,6.923737199690624,0.0,0.0,3.947222222222222,0.0190277777777778,0.0,1.0,0,0,0,0,0,3.05
*Oc1ccc(-c2ccc(C(*)=O)cc2)cc1,0.0459823680007664,2.2938665692343942,2.1904009192718807,2.1904009192718807,0.0,0.0,54.09438803938988,0.0,5.749511833283905,0.0,0.0,0.0,0.0,5.106527394840706,5.369228031101227,0.0,0.0,0.0,0,0,2,0,0,4.1
*Nc1ccc(*)cc1,0.3274074074074073,2.881555877646136,0.7182335127930841,0.7182335127930841,0.0,0.0,24.26546827384644,5.687386274683562,0.0,0.0,0.0,0.0,6.06636706846161,0.0,0.0,0.0,0.0,0.0,1,0,1,0,0,5.52
*c1cccc(*)n1,0.3558333333333333,3.077660437970554,0.4706207331034419,0.4706207331034419,4.9839785209472085,0.0,18.19910120538483,0.0,0.0,0.0,0.0,0.0,0.0,0.0,0.0,0.0,0.0,0.0,0,0,0,0,0,4.35
*CC(CC(CC(CC(*)c1ccccc1)c1ccccc1)c1ccccc1)c1ccccc1,0.2126672405009346,1.6247455096935708,6.388645902935892,6.388645902935892,0.0,50.36074182987885,143.58114733602022,0.0,0.0,0.0,0.0,0.0,11.126902983393991,0.0,0.0,1.4327511162612172,0.0,0.25,0,0,4,0,0,2.71
*c1ccc2oc(-c3ccc4nc(*)oc4c3)nc2c1,0.0104492485061569,1.903109728238475,2.760519920408656,2.760519920408656,9.967957041894415,0.0,36.39820241076966,0.0,0.0,0.0,0.0,0.0,0.0,8.834301874106695,0.0,0.0,0.0,0.0,0,0,2,0,0,4.77
*Cc1ccc(C*)cc1,0.5672033257747544,2.7972512629697874,1.0229713669174492,1.0229713669174492,0.0,13.847474399381248,35.392371257240434,0.0,0.0,13.847474399381248,0.0,0.0,11.126902983393991,0.0,0.0,2.8265192743764174,0.0,0.25,0,0,1,0,0,3.97
*CCCOC(=O)CCCCCCCCOC(=O)CCCOC(=O)CCCCCCCCOC(*)=O,0.0140835170505437,3.355753816996534,5.170189559482608,5.170189559482608,0.0,116.07770478943284,0.0,4.794537184071822,0.0,33.33106336741566,0.0,37.40784031601094,0.0,18.9474518152002,0.0,3.1212828905609227,0.0,0.8461538461538461,0,0,0,0,10,3.05
*CC(CC(CC(*)c1ccccn1)c1ccccn1)c1ccccn1,0.1698494583018392,1.815127381006223,4.0804053196374985,4.0804053196374985,14.951935562841626,38.02201416079144,90.26961831553912,0.0,0.0,0.0,0.0,0.0,0.0,4.9839785209472085,0.0,1.352069712144117,0.0,0.2857142857142857,0,0,0,0,0,3.19
*Oc1ccc(-c2ccc(-c3ccc(*)s3)s2)s1,0.0026371159370797,1.933629767577347,2.1446694684285608,5.297925641797731,0.0,0.0,36.39820241076966,0.0,5.0632075352882095,0.0,0.0,0.0,16.716848648400653,5.106527394840706,8.197712670276253,0.0,0.0,0.0,0,0,0,0,0,5.59
*C(=S)Oc1ccc(-c2ccc(*)s2)s1,0.0351355557655161,2.2334160860502,1.4380812703613377,3.476976584064968,0.0,0.0,24.26546827384644,0.0,5.0632075352882095,0.0,0.0,0.0,16.716848648400653,16.954736396846744,2.535470311581423,0.0,0.0,0.0,0,0,0,0,0,5.88
*Oc1ccc(C(=S)c2ccc(*)s2)s1,0.0160917684975223,2.276791863299917,1.5005553451758311,3.91024147077806,0.0,0.0,34.01976266124904,0.0,5.0632075352882095,0.0,0.0,0.0,16.716848648400653,17.324400837887403,7.99100626207273,0.0,0.0,0.0,0,0,0,0,0,4.89
*C(=S)OC(=S)c1ccc(*)s1,0.0006802721088434,2.716322890255734,0.8071804298327694,2.118294753351251,0.0,0.0,17.00988133062452,0.0,0.0,4.736862953800049,0.0,0.0,11.336785877934735,29.17260983989344,2.066029856387,0.0,0.0,0.0,0,0,0,0,0,6.22
*Oc1ccc(Oc2ccc(*)s2)s1,0.0125959257159653,2.102852645102257,1.204843062801114,2.6372453042106296,0.0,0.0,24.26546827384644,0.0,15.189622605864628,0.0,0.0,0.0,22.673571755869474,9.843390348640757,9.79150985239775,0.0,0.0,0.0,0,0,0,0,0,3.9
*OC(=S)Oc1ccc(*)s1,0.13359693877551,2.5725016835725403,0.6309008405285687,1.3887686278999931,0.0,0.0,12.13273413692322,0.0,5.0632075352882095,5.106527394840706,0.0,0.0,11.336785877934735,22.06126379168745,7.586570294784581,0.0,0.0,0.0,0,0,0,0,0,4.48
*c1ccc(-c2ccc(-c3ccc(-c4ccc(*)s4)s3)s2)cc1,0.3131502453585231,1.6419110975860638,3.172077099316744,6.579764272364057,0.0,0.0,60.6636706846161,0.0,0.0,0.0,0.0,0.0,11.446429838927523,0.0,1.6233713997408985,0.0,0.0,0.0,0,0,1,0,0,8.85
*Oc1ccc(-c2ccc(-c3ccc(*)cc3)s2)s1,0.0116882331700152,1.9221115935676476,2.432938051227949,4.642931031276396,0.0,0.0,48.53093654769288,0.0,5.0632075352882095,0.0,0.0,0.0,17.403152946396347,5.106527394840706,6.579011155974991,0.0,0.0,0.0,0,0,1,0,0,5.17
*c1ccc(-c2ccc(-c3ccc(-c4ccc(*)s4)cc3)s2)cc1,0.3073743632689547,1.6117237982135977,3.53431464580815,5.56334321958544,0.0,0.0,72.79640482153933,0.0,0.0,0.0,0.0,0.0,11.446429838927523,0.0,1.610993498429396,0.0,0.0,0.0,0,0,2,0,0,4.25
*C(=S)c1ccc(-c2ccc(-c3ccc(*)cc3)s2)cc1,0.1355877828960647,1.9045869153723525,2.89601638248112,4.315115096271024,0.0,0.0,66.2271221763131,0.0,0.0,0.0,0.0,0.0,6.06636706846161,12.217873443046695,1.193948642262204,0.0,0.0,0.0,0,0,2,0,0,5.87
*Oc1ccc(-c2ccc(-c3ccc(*)cc3)s2)cc1,0.0264492541409722,1.9054977594361533,2.747581349104649,3.9309778024990383,0.0,0.0,60.6636706846161,0.0,5.749511833283905,0.0,0.0,0.0,6.06636706846161,5.106527394840706,5.45008662377488,0.0,0.0,0.0,0,0,2,0,0,4.91
*c1ccc(-c2ccc(C(=S)c3ccc(*)s3)s2)cc1,0.293358063126281,1.9004614026509123,2.5279629760640128,5.192080101344387,0.0,0.0,58.28523093509548,0.0,0.0,0.0,0.0,0.0,11.446429838927523,12.217873443046695,1.560337196607038,0.0,0.0,0.0,0,0,1,0,0,9.09
*c1ccc(-c2ccc(Oc3ccc(*)s3)s2)cc1,0.2940988038670217,1.8091044533290097,2.2322506936892954,3.91908393477696,0.0,0.0,48.53093654769288,0.0,10.12641507057642,0.0,0.0,0.0,28.739938824331084,4.736862953800049,3.5372410136894272,0.0,0.0,0.0,0,0,1,0,0,5.22
*C(=S)Oc1ccc(-c2ccc(*)cc2)s1,0.0217494960947343,2.241169311999731,1.726349853160727,2.8219819735436324,0.0,0.0,36.39820241076966,0.0,5.0632075352882095,0.0,0.0,0.0,11.336785877934735,16.954736396846744,0.9281944444444444,0.0,0.0,0.0,0,0,1,0,0,5.67
*Oc1ccc(-c2ccc(-c3ccc(*)cc3)cc2)s1,0.0201686261490345,1.8875486952644676,2.802324467521599,3.7312899212378383,0.0,0.0,60.6636706846161,0.0,5.0632075352882095,0.0,0.0,0.0,17.403152946396347,5.106527394840706,6.559924717963172,0.0,0.0,0.0,0,0,2,0,0,5.01
*c1ccc(-c2ccc(-c3ccc(-c4ccc(*)s4)cc3)cc2)cc1,0.3015399670104512,1.5827738736289825,3.910849931904041,4.7564820522869455,0.0,0.0,84.92913895846256,0.0,0.0,0.0,0.0,0.0,11.446429838927523,0.0,1.606472024716454,0.0,0.0,0.0,0,0,3,0,0,5.39
*C(=S)c1ccc(-c2ccc(-c3ccc(*)cc3)cc2)cc1,0.1285967667432033,1.872001422146861,3.27255166857701,3.5082539289725263,0.0,0.0,78.35985631323634,0.0,0.0,0.0,0.0,0.0,6.06636706846161,12.217873443046695,1.1868325727903652,0.0,0.0,0.0,0,0,3,0,0,4.57
*Oc1ccc(-c2ccc(-c3ccc(*)cc3)cc2)cc1,0.0334402702938336,1.8726978379111328,3.1241166352005405,3.1241166352005405,0.0,0.0,72.79640482153933,0.0,5.749511833283905,0.0,0.0,0.0,6.06636706846161,5.106527394840706,5.446722443947788,0.0,0.0,0.0,0,0,3,0,0,3.87
*OC(=S)c1ccc(-c2ccc(*)cc2)cc1,0.1171860717044699,2.28940133813224,2.172169285981684,2.407871546377199,0.0,0.0,54.09438803938988,0.0,0.0,5.106527394840706,0.0,0.0,0.0,17.324400837887403,5.9365771623158,0.0,0.0,0.0,0,0,2,0,0,4.56
*C(=S)c1ccc(C(=S)c2ccc(*)cc2)s1,0.1325592088687327,2.301131634516727,1.9108024600777045,3.862927652754725,0.0,0.0,51.71594828986925,0.0,0.0,0.0,0.0,0.0,11.336785877934735,24.43574688609339,1.1840334467120184,0.0,0.0,0.0,0,0,1,0,0,6.78
*Oc1ccc(C(=S)c2ccc(*)cc2)s1,0.0294778281683041,2.2762854936030408,1.7855539070814863,3.2677658969447823,0.0,0.0,46.83880109616796,0.0,5.0632075352882095,0.0,0.0,0.0,11.336785877934735,17.324400837887403,6.435358245149912,0.0,0.0,0.0,0,0,1,0,0,4.54
*C(=S)c1ccc(C(=S)c2ccc(*)cc2)cc1,0.1235546690362705,2.284394871094497,2.2453622174409213,2.9524689986274693,0.0,0.0,65.22129102278387,0.0,0.0,0.0,0.0,0.0,0.0,24.43574688609339,1.163638788593695,0.0,0.0,0.0,0,0,2,0,0,3.8
*Oc1ccc(C(=S)c2ccc(*)cc2)cc1,0.0384823680007664,2.268204423334219,2.0969271840644508,2.568331704855483,0.0,0.0,59.65783953108687,0.0,5.749511833283905,0.0,0.0,0.0,0.0,17.324400837887403,5.385346058763266,0.0,0.0,0.0,0,0,2,0,0,4.95
*C(=S)OC(=S)c1ccc(*)cc1,0.0225292894935751,2.776706823371711,1.0883001428299164,1.490669069892099,0.0,0.0,29.82891976554344,0.0,0.0,4.736862953800049,0.0,0.0,0.0,29.17260983989344,0.5277777777777783,0.0,0.0,0.0,0,0,1,0,0,5.52
*Oc1ccc(Oc2ccc(*)cc2)s1,0.0259819853867471,2.1084339600840583,1.462776295418009,2.2206440827894327,0.0,0.0,36.39820241076966,0.0,15.875926903860323,0.0,0.0,0.0,11.336785877934735,9.843390348640757,7.2357229465860415,0.0,0.0,0.0,0,0,1,0,0,3.82
*c1ccc(OC(=S)c2ccc(*)s2)cc1,0.279064310909549,2.1031673189661504,1.571014502978232,2.798795493163381,0.0,0.0,41.27534960447096,0.0,5.749511833283905,0.0,0.0,0.0,11.336785877934735,16.954736396846744,2.104490740740741,0.0,0.0,0.0,0,0,1,0,0,5.49
*OC(=S)Oc1ccc(*)cc1,0.1554459561602417,2.6449316670687724,0.8888340731454631,0.9721674064787964,0.0,0.0,24.26546827384644,0.0,5.749511833283905,5.106527394840706,0.0,5.236688001925443,0.0,22.06126379168745,5.228555130385487,0.0,0.0,0.0,0,0,1,0,0,4.1
*Cc1ccc(-c2ccc(-c3ccc(*)s3)s2)s1,0.3600074553339344,1.933629767577347,2.2249813338643785,5.439241741197621,0.0,6.923737199690624,41.27534960447096,0.0,0.0,6.923737199690624,0.0,0.0,10.257209964167211,0.0,1.6372856192395335,1.3902271493103924,0.0,0.0769230769230769,0,0,0,0,0,4.39
*Cc1ccc(-c2ccc(C(*)=S)s2)s1,0.1935649722852103,2.3233777830440703,1.6110908387718046,4.097570255919898,0.0,6.923737199690624,34.01976266124904,0.0,0.0,6.923737199690624,0.0,0.0,4.877147193701299,12.217873443046695,1.247087453808684,1.3824735187284791,0.0,0.1,0,0,0,0,0,5.34
*Cc1ccc(-c2ccc(O*)s2)s1,0.0315279352481732,2.2919551642465743,1.4858422857755866,3.5024085001099565,0.0,6.923737199690624,29.14261546754774,0.0,5.0632075352882095,6.923737199690624,0.0,0.0,16.213933071636035,5.106527394840706,6.539885361552027,1.380576656588561,0.0,0.1111111111111111,0,0,0,0,0,4.19
*Cc1ccc(-c2ccc(-c3ccc(*)s3)cc2)s1,0.3481976346298135,1.8980389987950737,2.5872188803557865,4.422820688419002,0.0,6.923737199690624,53.40808374139418,0.0,0.0,6.923737199690624,0.0,0.0,10.257209964167211,0.0,1.6226119783695545,1.379188933544543,0.0,0.0666666666666666,0,0,1,0,0,3.91
*Cc1ccc(-c2ccc(C(*)=S)cc2)s1,0.1716170372469975,2.303615435117306,1.9489206170287563,3.174592565104584,0.0,6.923737199690624,46.83880109616796,0.0,0.0,6.923737199690624,0.0,0.0,4.877147193701299,12.217873443046695,1.2109044574619974,1.372893019862266,0.0,0.0833333333333333,0,0,1,0,0,4.8
*Cc1ccc(-c2ccc(O*)cc2)s1,0.0095800002099604,2.2828348805536858,1.8004855836522864,2.790455271332598,0.0,6.923737199690624,41.27534960447096,0.0,5.749511833283905,6.923737199690624,0.0,0.0,4.877147193701299,5.106527394840706,5.394826467624087,1.3719259416729654,0.0,0.0909090909090909,0,0,1,0,0,4.05
*Cc1ccc(Cc2ccc(*)s2)s1,0.4173149722852103,2.102852645102257,1.5930559081068127,3.330479319336695,0.0,13.344558822616634,38.89690985495034,0.0,0.0,13.344558822616634,0.0,0.0,20.01150435156981,0.0,1.6718559723272026,1.4231938145628622,0.0,0.2,0,0,0,0,0,3.65
*Cc1ccc(CC(*)=S)s1,0.3099811035525321,2.6495075543905027,0.9637066946253404,2.0489247511863904,0.0,13.344558822616634,21.88702852432582,0.0,0.0,13.344558822616634,0.0,0.0,4.877147193701299,12.217873443046695,1.348651738473167,1.4104308390022675,0.0,0.2857142857142857,0,0,0,0,0,3.57
*Cc1ccc(C(=O)c2ccc(*)s2)s1,0.2324074074074074,2.276791863299917,1.5808672106116484,3.315855309782434,0.0,6.923737199690624,38.89690985495034,0.0,0.0,6.923737199690624,0.0,5.783244946364939,22.673571755869474,0.0,1.4481059723272027,1.2637493701184177,0.0,0.1,0,0,0,0,0,4.69
*Cc1ccc(C(=O)C(*)=S)s1,0.0835374149659864,2.8897596494816566,0.9781412652037044,2.1031995043870992,0.0,6.923737199690624,21.88702852432582,0.0,0.0,6.923737199690624,0.0,5.783244946364939,11.336785877934735,12.217873443046695,0.714392479213908,1.250986394557823,0.0,0.1428571428571428,0,0,0,0,0,4.34
*Cc1ccc(C(=O)O*)s1,0.1021296296296294,2.799121632357869,0.8628359740379143,1.7837700679893775,0.0,6.923737199690624,21.88702852432582,0.0,0.0,12.03026459453133,0.0,5.969305287951849,11.336785877934735,5.106527394840706,4.835974111866969,1.244278155706727,0.0,0.1666666666666666,0,0,0,0,0,4.17
*Cc1ccc(C(=S)c2ccc(*)s2)s1,0.3365742315444696,2.276791863299917,1.5808672106116484,4.05155757017795,0.0,6.923737199690624,38.89690985495034,0.0,0.0,6.923737199690624,0.0,0.0,5.380062770465915,12.217873443046695,1.581439305660536,1.3563419627110105,0.0,0.1,0,0,0,0,0,4.36
*Cc1ccc(C(=S)O*)s1,0.0372411186696901,2.799121632357869,0.8628359740379143,2.151621198187136,0.0,6.923737199690624,21.88702852432582,0.0,0.0,12.03026459453133,0.0,0.0,11.336785877934735,17.324400837887403,5.937548185941044,1.3368707482993196,0.0,0.1666666666666666,0,0,0,0,0,4.71
*Cc1ccc(Nc2ccc(*)s2)s1,0.3773149722852104,2.102852645102257,1.379682747080557,2.948004179584676,0.0,6.923737199690624,29.14261546754774,10.002163953375732,0.0,6.923737199690624,0.0,0.0,10.257209964167211,0.0,7.7125447478374065,1.3831938145628622,0.0,0.1111111111111111,1,0,0,0,0,3.83
*Cc1ccc(NC(*)=S)s1,0.1988699924414211,2.6495075543905027,0.8358823667714922,1.7942739392882203,0.0,6.923737199690624,17.00988133062452,5.001081976687867,0.0,6.923737199690624,0.0,0.0,0.0,12.217873443046695,4.49837962962963,1.3704308390022677,0.0,0.1666666666666666,1,0,0,0,0,4.42
*Cc1ccc(NO*)s1,0.036832955404384,2.5918163053361463,0.7622437422723688,1.5998445028904986,0.0,6.923737199690624,17.00988133062452,5.001081976687867,0.0,12.130990224467917,0.0,0.0,0.0,5.20725302477729,6.1878722600151175,1.3637226001511715,0.0,0.2,1,0,0,0,0,4.04
*Cc1ccc(Oc2ccc(*)s2)s1,0.3373149722852103,2.102852645102257,1.2851549282369312,2.7785614036105204,0.0,6.923737199690624,29.14261546754774,0.0,10.12641507057642,6.923737199690624,0.0,0.0,16.716848648400653,4.736862953800049,3.665785488578148,1.343193814562862,0.0,0.1111111111111111,0,0,0,0,0,3.63
*Cc1ccc(OC(*)=S)s1,0.0877588813303099,2.6495075543905027,0.7792540877083631,1.6814594423771938,0.0,6.923737199690624,17.00988133062452,0.0,5.0632075352882095,6.923737199690624,0.0,0.0,11.336785877934735,16.954736396846744,1.0000462962962966,1.3304308390022674,0.0,0.1666666666666666,0,0,0,0,0,4.25
*Cc1ccc(-c2ccc(-c3ccc(*)s3)s2)cc1,0.349766876141335,1.914902758589856,2.558932263212822,4.685591909927934,0.0,6.923737199690624,54.09438803938988,0.0,0.0,6.923737199690624,0.0,0.0,5.380062770465915,0.0,1.6293969577934226,1.3585740903850572,0.0,0.0666666666666666,0,0,1,0,0,4.02
*Cc1ccc(-c2ccc(-c3ccc(*)cc3)s2)cc1,0.3251217054668464,1.9054977594361533,2.847200846012211,4.030597299406599,0.0,6.923737199690624,66.2271221763131,0.0,0.0,6.923737199690624,0.0,0.0,6.06636706846161,0.0,0.0,1.3524815530337786,0.0,0.0588235294117647,0,0,2,0,0,3.99
*Cc1ccc(-c2ccc(C(*)=S)s2)cc1,0.177897665238935,2.3115864006790567,1.945041768120248,3.343920424650212,0.0,6.923737199690624,46.83880109616796,0.0,0.0,6.923737199690624,0.0,0.0,0.0,12.217873443046695,1.2335447635844463,1.3522781767027798,0.0,0.0833333333333333,0,0,1,0,0,4.61
*Cc1ccc(-c2ccc(-c3ccc(*)s3)cc2)cc1,0.3396601597374435,1.8816231251221465,2.9283186795064715,3.773950799889377,0.0,6.923737199690624,66.2271221763131,0.0,0.0,6.923737199690624,0.0,0.0,5.380062770465915,0.0,1.6163161723524972,1.3501103807356585,0.0,0.0588235294117647,0,0,2,0,0,4.21
*Cc1ccc(-c2ccc(-c3ccc(*)cc3)cc2)cc1,0.3170488719613207,1.8726978379111328,3.223736132108101,3.223736132108101,0.0,6.923737199690624,78.35985631323634,0.0,0.0,6.923737199690624,0.0,0.0,6.06636706846161,0.0,0.0,1.3450244026851448,0.0,0.0526315789473684,0,0,3,0,0,3.67
*Cc1ccc(-c2ccc(C(*)=S)cc2)cc1,0.1590987461712569,2.2938665692343942,2.290020416179442,2.525722676574958,0.0,6.923737199690624,59.65783953108687,0.0,0.0,6.923737199690624,0.0,0.0,0.0,12.217873443046695,1.2007467922890005,1.3448943781420333,0.0,0.0714285714285714,0,0,2,0,0,4.45
*Cc1ccc(-c2ccc(O*)cc2)cc1,0.00293829086578,2.275124195489887,2.141585382802972,2.141585382802972,0.0,6.923737199690624,54.09438803938988,0.0,5.749511833283905,6.923737199690624,0.0,0.0,0.0,5.106527394840706,5.399820317602605,1.344467380896854,0.0,0.0769230769230769,0,0,2,0,0,3.79
*Cc1ccc(Cc2ccc(*)s2)cc1,0.401647665238935,2.105655381485372,1.928613509279556,2.725156431245794,0.0,13.344558822616634,52.40225258786495,0.0,0.0,13.344558822616634,0.0,0.0,10.94351426216291,0.0,1.658313282102965,1.3834029090031077,0.0,0.1666666666666666,0,0,1,0,0,3.4
*Cc1ccc(Cc2ccc(*)cc2)cc1,0.3652098572823681,2.1088517120273824,2.218488763903245,2.218488763903245,0.0,13.344558822616634,65.22129102278387,0.0,0.0,13.344558822616634,0.0,0.0,6.06636706846161,0.0,0.0,1.3741490807372845,0.0,0.1428571428571428,0,0,2,0,0,3.41
*Cc1ccc(CC(*)=S)cc1,0.2828413170823884,2.709147824373649,1.299264295798084,1.4436018630954903,0.0,13.344558822616634,35.392371257240434,0.0,0.0,13.344558822616634,0.0,0.0,0.0,12.217873443046695,1.3204846938775512,1.3736125283446712,0.0,0.2222222222222222,0,0,1,0,0,3.68
*Cc1ccc(C(=O)c2ccc(*)s2)cc1,0.186105442176871,2.268259429656968,1.9115481190663577,2.7068733850030475,0.0,6.923737199690624,52.40225258786495,0.0,0.0,6.923737199690624,0.0,5.783244946364939,11.336785877934735,0.0,1.4345632821029648,1.266528381414294,0.0,0.0833333333333333,0,0,1,0,0,4.07
*Cc1ccc(C(=O)c2ccc(*)cc2)cc1,0.1386054421768714,2.268204423334219,2.196546680972012,2.196546680972012,0.0,6.923737199690624,65.22129102278387,0.0,0.0,6.923737199690624,0.0,5.783244946364939,0.0,0.0,0.0,1.2572745531484708,0.0,0.0714285714285714,0,0,2,0,0,3.96
*Cc1ccc(C(=O)C(*)=S)cc1,0.0876795162509453,2.921307190634043,1.308822173658414,1.494217579607713,0.0,6.923737199690624,35.392371257240434,0.0,0.0,6.923737199690624,0.0,5.783244946364939,0.0,12.217873443046695,0.6862254346182919,1.256738000755858,0.0,0.1111111111111111,0,0,1,0,0,4.22
*Cc1ccc(C(=S)c2ccc(*)s2)cc1,0.3209069244981943,2.268259429656968,1.9115481190663577,3.310426775596321,0.0,6.923737199690624,52.40225258786495,0.0,0.0,6.923737199690624,0.0,0.0,5.380062770465915,12.217873443046695,1.567896615436298,1.3345555922986478,0.0,0.0833333333333333,0,0,1,0,0,4.17
*Cc1ccc(C(=S)c2ccc(*)cc2)cc1,0.3061584589452555,2.268204423334219,2.196546680972012,2.6679512017630445,0.0,6.923737199690624,65.22129102278387,0.0,0.0,6.923737199690624,0.0,0.0,0.0,12.217873443046695,0.0,1.3253017640328246,0.0,0.0714285714285714,0,0,2,0,0,4.09
*Cc1ccc(C(=S)O*)cc1,0.0643809051398336,2.843524062030637,1.1896380335841157,1.4253402939796316,0.0,6.923737199690624,35.392371257240434,0.0,0.0,12.03026459453133,0.0,0.0,0.0,17.324400837887403,5.891725009448224,1.3212044123204838,0.0,0.125,0,0,1,0,0,3.95
*Cc1ccc(Nc2ccc(*)s2)cc1,0.3616476652389351,2.105655381485372,1.693104757103054,2.4050966897064106,0.0,6.923737199690624,41.96165390246666,10.688468251371429,0.0,6.923737199690624,0.0,0.0,5.380062770465915,0.0,6.33422503569329,1.3556251312253296,0.0,0.0909090909090909,1,0,1,0,0,4.02
*Cc1ccc(Nc2ccc(*)cc2)cc1,0.3374320795045902,2.1088517120273824,1.960844420576497,1.960844420576497,0.0,6.923737199690624,54.09438803938988,11.374772549367124,0.0,6.923737199690624,0.0,0.0,6.06636706846161,0.0,3.4306122448979592,1.3463713029595064,0.0,0.0769230769230769,1,0,2,0,0,3.94
*Cc1ccc(NC(*)=S)cc1,0.1717302059712774,2.709147824373649,1.1493043767939892,1.251366449409955,0.0,6.923737199690624,29.82891976554344,5.687386274683562,0.0,6.923737199690624,0.0,0.0,0.0,12.217873443046695,3.219038170823885,1.3458347505668935,0.0,0.125,1,0,1,0,0,4.11
*Cc1ccc(Oc2ccc(*)s2)cc1,0.321647665238935,2.105655381485372,1.5887705074028804,2.263304961440972,0.0,6.923737199690624,41.96165390246666,0.0,10.812719368572116,6.923737199690624,0.0,0.0,11.336785877934735,4.736862953800049,2.566760938943479,1.327847353447552,0.0,0.0909090909090909,0,0,1,0,0,3.59
*Cc1ccc(OC(*)=S)cc1,0.0606190948601662,2.709147824373649,1.082869666874312,1.1662030002076451,0.0,6.923737199690624,29.82891976554344,0.0,5.749511833283905,6.923737199690624,0.0,0.0,0.0,16.954736396846744,0.0,1.3180569727891156,0.0,0.125,0,0,1,0,0,3.66
*CCc1ccc(-c2ccc(*)s2)s1,0.3998714254220207,2.241849543084424,1.6225338772783149,3.759890903511283,0.0,13.344558822616634,29.14261546754774,0.0,0.0,6.4208216229260096,0.0,0.0,10.257209964167211,0.0,1.6562730169228186,1.5018512219702695,0.0,0.2,0,0,0,0,0,3.82
*CCc1ccc(C(*)=S)s1,0.257619992441421,2.732617316782816,1.008643382185741,2.4182194182335603,0.0,13.344558822616634,21.88702852432582,0.0,0.0,6.4208216229260096,0.0,0.0,4.877147193701299,12.217873443046695,1.2818461829176115,1.489088246409675,0.0,0.2857142857142857,0,0,0,0,0,4.38
*CCc1ccc(O*)s1,0.095582955404384,2.591816305336146,0.883394829189523,1.8230576624236183,0.0,13.344558822616634,17.00988133062452,0.0,5.0632075352882095,6.4208216229260096,0.0,0.0,0.0,5.106527394840706,6.486066704459561,1.482380007558579,0.0,0.3333333333333333,0,0,0,0,0,3.63
*CCc1ccc(-c2ccc(*)s2)cc1,0.3808349080372889,2.231956505158513,1.9987603013081987,2.8443924216911056,0.0,13.344558822616634,41.96165390246666,0.0,0.0,6.4208216229260096,0.0,0.0,5.380062770465915,0.0,1.6374395576131688,1.4796992052994038,0.0,0.1666666666666666,0,0,1,0,0,3.75
*CCc1ccc(C(*)=S)cc1,0.2214278628117914,2.780862288870475,1.3604620379811707,1.5961642983766868,0.0,13.344558822616634,35.392371257240434,0.0,0.0,6.4208216229260096,0.0,0.0,0.0,12.217873443046695,1.2360402494331066,1.4699088246409675,0.0,0.2222222222222222,0,0,1,0,0,3.9
*CCc1ccc(O*)cc1,0.0593908257747543,2.664537066654608,1.2120270046047006,1.2120270046047006,0.0,13.344558822616634,29.82891976554344,0.0,5.749511833283905,6.4208216229260096,0.0,0.0,0.0,5.106527394840706,5.312934382086167,1.4663480253212395,0.0,0.25,0,0,1,0,0,3.46
*CCCc1ccc(*)s1,0.481369992441421,2.422977777805392,0.950463476075516,1.8067929759762784,0.0,19.765380445542643,17.00988133062452,0.0,0.0,6.4208216229260096,0.0,0.0,17.180947163857837,0.0,1.70661470143613,1.5729355631141346,0.0,0.4285714285714285,0,0,0,0,0,3.2
*CCCc1ccc(*)cc1,0.4275389739229025,2.51863794324683,1.2527209364133831,1.2527209364133831,0.0,19.765380445542643,29.82891976554344,0.0,0.0,6.4208216229260096,0.0,0.0,18.55355575984923,0.0,0.0,1.5512166950113375,0.0,0.3333333333333333,0,0,1,0,0,3.14
*CCCC(*)=O,0.0598611111111111,2.8219389370591843,0.2788387679126026,0.2788387679126026,0.0,19.765380445542643,0.0,0.0,0.0,4.794537184071822,0.0,0.0,0.0,0.0,0.0,1.4145833333333333,0.0,0.75,0,0,0,0,0,3.27
*CCCC(*)=S,0.4302314814814815,2.8219389370591843,0.2788387679126026,0.482962913144534,0.0,19.765380445542643,0.0,0.0,0.0,0.0,0.0,0.0,6.923737199690624,12.217873443046695,1.430601851851852,1.5479166666666666,0.0,0.75,0,0,0,0,0,3.29
*CCC(=O)c1ccc(*)s1,0.3080366591080876,2.685447835960937,0.9735167573065422,1.8111175179246723,0.0,13.344558822616634,17.00988133062452,0.0,0.0,0.0,0.0,0.0,11.336785877934735,0.0,1.4828647014361305,1.210667044595616,0.0,0.2857142857142857,0,0,0,0,0,4.12
*CCC(=O)c1ccc(*)cc1,0.3004603647014361,2.753742758109602,1.2672708608387395,1.2672708608387395,0.0,13.344558822616634,29.82891976554344,0.0,0.0,0.0,0.0,0.0,0.0,0.0,0.0,1.1889481764928194,0.0,0.2222222222222222,0,0,1,0,0,3.81
*CCC(=O)C(*)=S,0.036712962962963,3.4904530666021536,0.3408975229313356,0.5685684235620754,0.0,13.344558822616634,0.0,0.0,0.0,4.794537184071822,0.0,5.783244946364939,0.0,12.217873443046695,0.7963425925925928,1.185648148148148,0.0,0.5,0,0,0,0,0,4.76
*CCC(=S)O*,0.0830092592592592,3.002590528674132,0.2041241452319314,0.4082482904638629,0.0,13.344558822616634,0.0,0.0,0.0,5.106527394840706,0.0,0.0,0.0,17.324400837887403,5.896296296296296,1.366064814814815,0.0,0.6666666666666666,0,0,0,0,0,3.71
*CCNc1ccc(*)s1,0.441369992441421,2.422977777805392,0.770862452925031,1.5251298802098276,0.0,6.923737199690624,12.13273413692322,5.001081976687867,0.0,0.0,0.0,0.0,5.380062770465915,0.0,6.473836923658352,2.6840003779289496,0.0,0.3333333333333333,1,0,0,0,0,3.76
*CCNc1ccc(*)cc1,0.3997611961451247,2.51863794324683,1.0473576580250157,1.0473576580250157,0.0,6.923737199690624,24.26546827384644,5.687386274683562,0.0,0.0,0.0,0.0,6.06636706846161,0.0,3.4118055555555555,2.630217072940287,0.0,0.25,1,0,1,0,0,3.54
*CCNC(*)=S,0.3191203703703704,2.8219389370591843,0.1971687836487032,0.3415063509461096,5.316788604006331,6.923737199690624,0.0,0.0,0.0,0.0,0.0,0.0,0.0,12.217873443046695,3.2002314814814814,2.619675925925926,0.0,0.6666666666666666,1,0,0,0,0,4.24
*CCON*,0.2959722222222222,2.3390923149762908,0.1020620726159657,0.1020620726159657,5.896975471277056,6.923737199690624,0.0,0.0,0.0,4.8375885837366335,0.0,0.0,0.0,4.8375885837366335,0.0,2.335972222222222,0.0,1.0,1,0,0,0,0,3.46
*CC(=O)c1ccc(-c2ccc(*)s2)s1,0.2018022224321827,2.3118804253974456,1.5953017811900123,3.713930068140349,0.0,6.923737199690624,29.14261546754774,0.0,0.0,0.0,0.0,0.0,16.716848648400653,0.0,1.5695383230452675,0.8490734441924916,0.0,0.1,0,0,0,0,0,4.89
*CC(=O)c1ccc(-c2ccc(*)cc2)s1,0.1884161627614008,2.3116410931172133,1.8835703639894013,3.058935457619013,0.0,6.923737199690624,41.27534960447096,0.0,0.0,0.0,0.0,0.0,11.336785877934735,0.0,0.0,0.8372332976400434,0.0,0.0833333333333333,0,0,1,0,0,4.58
*CC(=O)c1ccc(C(*)=O)s1,0.1572741874527589,2.9120812188252145,0.9814112860974386,2.0044074526648674,0.0,6.923737199690624,21.88702852432582,0.0,0.0,0.0,0.0,5.783244946364939,12.13273413692322,0.0,0.0,0.7682832577475432,0.0,0.1428571428571428,0,0,0,0,0,4.49
*CC(=O)c1ccc(C(*)=S)s1,0.1305413832199545,2.9120812188252145,0.9814112860974386,2.3722585828626253,0.0,6.923737199690624,21.88702852432582,0.0,0.0,0.0,0.0,0.0,11.336785877934735,12.217873443046695,1.1270313681027968,0.8363104686318971,0.0,0.1428571428571428,0,0,0,0,0,4.78
*CC(=O)c1ccc(O*)s1,0.0314956538170823,2.7991216323578683,0.8561627331012206,1.7770968270526837,0.0,6.923737199690624,17.00988133062452,0.0,5.0632075352882095,0.0,0.0,0.0,0.0,5.106527394840706,6.158427815570673,0.829602229780801,0.0,0.1666666666666666,0,0,0,0,0,4.43
*CC(=O)c1ccc(-c2ccc(*)s2)cc1,0.1853811833375324,2.2889549831233023,1.963024848414226,2.808656968797133,0.0,6.923737199690624,41.96165390246666,0.0,0.0,0.0,0.0,0.0,5.380062770465915,0.0,1.5689917695473252,0.8269214275216257,0.0,0.0833333333333333,0,0,1,0,0,4.71
*CC(=O)c1ccc(-c2ccc(*)cc2)cc1,0.1744805949621964,2.28940133813224,2.258442301015857,2.258442301015857,0.0,6.923737199690624,54.09438803938988,0.0,0.0,0.0,0.0,0.0,0.0,0.0,0.0,0.8176675992558025,0.0,0.0714285714285714,0,0,2,0,0,3.96
*CC(=O)c1ccc(C(*)=O)cc1,0.1506075207860921,2.9340419411151166,1.324726585087198,1.324726585087198,0.0,6.923737199690624,35.392371257240434,0.0,0.0,0.0,0.0,12.069405469494496,24.26546827384644,0.0,0.0,0.7650477135298562,0.0,0.1111111111111111,0,0,1,0,0,4.2
*CC(=O)c1ccc(C(*)=S)cc1,0.1242765022675735,2.9340419411151166,1.324726585087198,1.5604288454827142,0.0,6.923737199690624,35.392371257240434,0.0,0.0,0.0,0.0,0.0,0.0,12.217873443046695,1.1225670823885112,0.8171310468631896,0.0,0.1111111111111111,0,0,1,0,0,4.71
*CC(=O)c1ccc(O*)cc1,0.0377605347694633,2.843524062030637,1.176291551710728,1.176291551710728,0.0,6.923737199690624,29.82891976554344,0.0,5.749511833283905,0.0,0.0,0.0,0.0,5.106527394840706,5.236876181027967,0.8135702475434616,0.0,0.125,0,0,1,0,0,3.8
*CC(=O)Cc1ccc(*)s1,0.2830697278911565,2.5725016835725403,0.898686780778879,1.6952297027451166,0.0,13.344558822616634,17.00988133062452,0.0,0.0,11.21535880699783,0.0,0.0,5.380062770465915,0.0,1.5517998866213154,0.9201577853363568,0.0,0.2857142857142857,0,0,0,0,0,3.59
*CC(=O)Cc1ccc(*)cc1,0.2612207105064248,2.6449316670687724,1.188562035402568,1.188562035402568,0.0,13.344558822616634,29.82891976554344,0.0,0.0,11.21535880699783,0.0,0.0,0.0,0.0,0.0,0.8984389172335601,0.0,0.2222222222222222,0,0,1,0,0,3.64
*CC(=O)CC(*)=O,0.1905555555555556,3.3954996118673995,0.2693375672974064,0.2693375672974064,0.0,13.344558822616634,0.0,0.0,0.0,9.589074368143644,0.0,18.490227092420504,0.0,0.0,0.0,0.7618055555555555,0.0,0.5,0,0,0,0,0,3.79
*CC(=O)CC(*)=S,0.1798148148148148,3.3954996118673995,0.2693375672974064,0.4136751345948128,0.0,13.344558822616634,0.0,0.0,0.0,4.794537184071822,0.0,0.0,0.0,12.217873443046695,1.0787500000000003,0.8951388888888888,0.0,0.5,0,0,0,0,0,3.82
*CC(=O)CO*,0.0177777777777777,3.002590528674132,0.1609876377148447,0.1609876377148447,0.0,6.923737199690624,0.0,0.0,0.0,9.901064578912528,0.0,0.0,0.0,5.106527394840706,4.834953703703704,1.3012499999999998,0.0,0.6666666666666666,0,0,0,0,0,3.7
*CC(=O)C(=S)c1ccc(*)s1,0.1659863945578231,2.8510623327042497,0.9486784826542648,2.339525779419452,0.0,6.923737199690624,17.00988133062452,0.0,0.0,4.794537184071822,0.0,5.783244946364939,11.336785877934735,12.217873443046695,1.4613832199546488,0.7662226001511716,0.0,0.1428571428571428,0,0,0,0,0,4.85
*CC(=O)C(=S)c1ccc(*)cc1,0.1441373771730915,2.898667675015539,1.23367704455992,1.6970502055861756,0.0,6.923737199690624,29.82891976554344,0.0,0.0,4.794537184071822,0.0,5.783244946364939,0.0,12.217873443046695,0.0,0.7445037320483749,0.0,0.1111111111111111,0,0,1,0,0,4.62
*CC(=O)C(=S)C(*)=O,0.018472222222222,4.053443249785434,0.3459525372463208,0.6569567712103939,0.0,6.923737199690624,0.0,0.0,0.0,9.589074368143644,0.0,16.93397278824612,0.0,0.0,0.0,0.6078703703703704,0.0,0.25,0,0,0,0,0,6.33
*CC(=O)C(=S)O*,0.0648148148148148,3.643224945571916,0.2276709006307398,0.4553418012614795,0.0,6.923737199690624,0.0,0.0,0.0,9.901064578912528,0.0,10.833872606703473,0.0,5.106527394840706,5.024768518518519,0.713287037037037,0.0,0.3333333333333333,0,0,0,0,0,4.8
*CC(=O)Nc1ccc(*)s1,0.2146759259259261,2.5725016835725403,0.7342508005733495,1.4462427331767054,0.0,6.923737199690624,12.13273413692322,5.001081976687867,0.0,4.794537184071822,0.0,5.907179729351506,11.336785877934735,0.0,5.425503590325019,0.8090466742252456,0.0,0.1666666666666666,1,0,0,0,0,4.12
*CC(=O)Nc1ccc(*)cc1,0.1860128495842783,2.6449316670687724,1.0019904640467918,1.0019904640467918,0.0,6.923737199690624,24.26546827384644,5.687386274683562,0.0,4.794537184071822,0.0,5.907179729351506,0.0,0.0,2.870138888888889,0.7873278061224489,0.0,0.125,1,0,1,0,0,4.03
*CC(=O)NC(*)=O,0.0045833333333331,3.3954996118673995,0.1904504202642842,0.1904504202642842,5.316788604006331,6.923737199690624,0.0,4.794537184071822,0.0,4.794537184071822,0.0,12.317275035467627,0.0,0.0,2.2881944444444446,0.6506944444444444,0.0,0.3333333333333333,1,0,0,1,0,4.4
*CC(=O)NC(*)=S,0.0687037037037037,3.3954996118673995,0.1904504202642842,0.2925124928802499,5.316788604006331,6.923737199690624,0.0,0.0,0.0,4.794537184071822,0.0,5.907179729351506,0.0,12.217873443046695,2.658564814814815,0.7840277777777777,0.0,0.3333333333333333,1,0,0,0,0,4.69
*CC(=O)Oc1ccc(*)s1,0.0353240740740739,2.5725016835725403,0.6614029575106053,1.3359374115486962,0.0,6.923737199690624,12.13273413692322,0.0,5.0632075352882095,4.794537184071822,0.0,5.969305287951849,11.336785877934735,4.736862953800049,2.2185128495842785,0.6979355631141345,0.0,0.1666666666666666,0,0,0,0,0,3.92
*CC(=O)OC(*)=O,0.0763425925925926,3.3954996118673995,0.1555021169820366,0.1555021169820366,0.0,6.923737199690624,0.0,4.794537184071822,0.0,9.53140013787187,0.0,12.441526152668311,0.0,0.0,0.0,0.2850000000000001,0.0,0.3333333333333333,0,0,0,0,0,3.95
*CC(=O)OC(*)=S,0.0424074074074074,3.3954996118673995,0.1555021169820366,0.2388354503153699,0.0,6.923737199690624,0.0,0.0,0.0,9.53140013787187,0.0,5.969305287951849,0.0,0.0,0.0,0.6729166666666666,0.0,0.3333333333333333,0,0,0,0,0,3.78
*CC(=S)c1ccc(C(*)=S)s1,0.1985685941043083,2.9120812188252145,0.9814112860974386,2.740109713060383,0.0,6.923737199690624,21.88702852432582,0.0,0.0,0.0,0.0,0.0,11.336785877934735,24.43574688609339,1.2196239606953894,1.2066808390022676,0.0,0.1428571428571428,0,0,0,0,0,6.4
*CC(=S)c1ccc(O*)s1,0.0365315570672712,2.7991216323578683,0.8561627331012206,2.1449479572504413,0.0,6.923737199690624,17.00988133062452,0.0,5.0632075352882095,0.0,0.0,0.0,11.336785877934735,17.324400837887403,6.384353741496598,1.1999726001511717,0.0,0.1666666666666666,0,0,0,0,0,5.64
*CC(=S)c1ccc(N*)cc1,0.2643227985638698,2.843524062030637,1.2068754548894405,1.4425777152849564,0.0,6.923737199690624,29.82891976554344,5.687386274683562,0.0,0.0,0.0,0.0,0.0,12.217873443046695,0.0,1.2043487811791382,0.0,0.125,1,0,1,0,0,5.48
*CC(=S)c1ccc(O*)cc1,0.0143227985638698,2.843524062030637,1.176291551710728,1.411993812106244,0.0,6.923737199690624,29.82891976554344,0.0,5.749511833283905,0.0,0.0,0.0,0.0,17.324400837887403,5.304903391912321,1.1839406179138323,0.0,0.125,0,0,1,0,0,4.45
*CC(=S)CC(*)=S,0.3131481481481482,3.3954996118673995,0.2693375672974064,0.5580127018922192,0.0,13.344558822616634,0.0,0.0,0.0,0.0,0.0,0.0,0.0,24.43574688609339,1.2870833333333336,1.2655092592592592,0.0,0.5,0,0,0,0,0,3.96
*CC(=S)CO*,0.151111111111111,3.002590528674132,0.1609876377148447,0.2788387679126026,0.0,6.923737199690624,0.0,0.0,0.0,5.106527394840706,0.0,0.0,0.0,17.324400837887403,5.043287037037037,2.041990740740741,0.0,0.6666666666666666,0,0,0,0,0,4.16
*CC(=S)C(=O)C(*)=S,0.0231481481481485,4.053443249785434,0.3459525372463208,0.7167433491449189,0.0,6.923737199690624,0.0,0.0,0.0,4.794537184071822,0.0,5.783244946364939,0.0,24.43574688609339,0.6528240740740743,0.9032407407407408,0.0,0.25,0,0,0,0,0,5.61
*CC(=S)C(=O)O*,0.2129629629629625,3.643224945571916,0.2276709006307398,0.3943375672974064,0.0,6.923737199690624,0.0,0.0,0.0,9.901064578912528,0.0,5.969305287951849,0.0,12.217873443046695,4.6127314814814815,0.8753240740740741,0.0,0.3333333333333333,0,0,0,0,0,4.54
*CC(=S)NC(*)=S,0.202037037037037,3.3954996118673995,0.1904504202642842,0.3945745654962156,5.316788604006331,6.923737199690624,0.0,0.0,0.0,0.0,0.0,0.0,0.0,24.43574688609339,3.028935185185185,1.1543981481481482,0.0,0.3333333333333333,1,0,0,0,0,5.73
*CC(=S)NO*,0.04,3.002590528674132,0.1138354503153699,0.1971687836487032,5.480096598121202,6.923737199690624,0.0,0.0,0.0,5.20725302477729,0.0,0.0,0.0,17.425126467823986,4.793287037037037,1.1264814814814814,0.0,0.5,1,0,0,0,0,5.15
*CC(=S)OC(*)=S,0.0909259259259258,3.3954996118673995,0.1555021169820366,0.3221687836487032,0.0,6.923737199690624,0.0,0.0,0.0,4.736862953800049,0.0,0.0,0.0,29.17260983989344,0.7407407407407408,1.043287037037037,0.0,0.3333333333333333,0,0,0,0,0,4.36
*CNc1ccc(-c2ccc(*)cc2)s1,0.3539507747543461,2.2486693658517765,1.782978132223856,2.8750098925201337,0.0,0.0,36.39820241076966,5.001081976687867,0.0,0.0,0.0,0.0,6.06636706846161,0.0,4.772734552154196,0.0,1.2400110754178215,0.0909090909090909,1,0,1,0,0,4.18
*CNc1ccc(C(*)=O)s1,0.140528155706727,2.732617316782816,0.8808190543318929,1.8204818875659885,0.0,0.0,17.00988133062452,5.001081976687867,0.0,0.0,0.0,0.0,11.336785877934735,0.0,4.457777777777778,0.0,1.1710610355253213,0.1666666666666666,1,0,0,0,0,5.29
*CNc1ccc(C(*)=S)s1,0.2298422146636431,2.732617316782816,0.8808190543318929,2.1883330177637466,0.0,0.0,17.00988133062452,5.001081976687867,0.0,0.0,0.0,0.0,0.0,12.217873443046695,5.925549886621315,0.0,1.239088246409675,0.1666666666666666,1,0,0,0,0,6.19
*CNc1ccc(N*)s1,0.3178051776266061,2.591816305336146,0.7802268225663472,1.6365563224671096,0.0,0.0,12.13273413692322,10.002163953375732,0.0,0.0,0.0,0.0,0.0,0.0,6.054166666666667,0.0,1.2601577853363568,0.2,2,0,0,0,0,4.18
*CNc1ccc(O*)s1,0.0678051776266061,2.591816305336146,0.7555705013356749,1.5931712619538048,0.0,0.0,12.13273413692322,5.001081976687867,5.0632075352882095,0.0,0.0,0.0,11.336785877934735,5.106527394840706,10.991761148904008,0.0,1.2323800075585791,0.2,1,0,0,0,0,4.2
*CNc1ccc(-c2ccc(*)s2)cc1,0.3684892290249433,2.231956505158513,1.8451737182164685,2.690805838599375,0.0,0.0,36.39820241076966,5.687386274683562,0.0,0.0,0.0,0.0,5.380062770465915,0.0,5.040068525867137,0.0,1.2296992052994038,0.0909090909090909,1,0,1,0,0,4.42
*CNc1ccc(C(*)=O)cc1,0.1693506708238852,2.780862288870475,1.2068754548894405,1.2068754548894405,0.0,0.0,29.82891976554344,5.687386274683562,0.0,0.0,0.0,0.0,0.0,0.0,3.293868102796674,0.0,1.1678254913076342,0.125,1,0,1,0,0,4.8
*CNc1ccc(N*)cc1,0.2889826625094481,2.664537066654608,1.0890243246916822,1.0890243246916822,0.0,0.0,24.26546827384644,11.374772549367124,0.0,0.0,0.0,0.0,0.0,0.0,3.362556689342404,0.0,1.2367561885865457,0.1428571428571428,2,0,1,0,0,4.2
*CNc1ccc(O*)cc1,0.0389826625094481,2.664537066654608,1.05844042151297,1.05844042151297,0.0,0.0,24.26546827384644,5.687386274683562,5.749511833283905,0.0,0.0,0.0,0.0,5.106527394840706,8.619935515873015,0.0,1.2163480253212398,0.1428571428571428,1,0,1,0,0,4.14
*CNCc1ccc(*)s1,0.4535922146636432,2.422977777805392,0.8265179971301757,1.6230609190964134,5.316788604006331,6.544756405912575,17.00988133062452,0.0,0.0,6.544756405912575,0.0,0.0,5.380062770465915,0.0,5.093790627362056,1.125324074074074,1.3229355631141346,0.3333333333333333,1,0,0,0,0,3.53
*CNCc1ccc(*)cc1,0.4071308106575964,2.51863794324683,1.1163932517538648,1.1163932517538648,5.316788604006331,6.544756405912575,29.82891976554344,0.0,0.0,6.544756405912575,0.0,0.0,6.06636706846161,0.0,3.415519652305367,1.0731944444444443,1.301216695011338,0.25,1,0,1,0,0,3.37
*CNCC(*)=O,0.0026388888888888,2.8219389370591843,0.1971687836487032,0.1971687836487032,5.316788604006331,0.0,0.0,0.0,0.0,4.794537184071822,0.0,0.0,0.0,0.0,3.071759259259259,0.6840277777777777,1.1645833333333333,0.6666666666666666,1,0,0,0,0,3.5
*CNCC(*)=S,0.3677314814814815,2.8219389370591843,0.1971687836487032,0.3415063509461096,5.316788604006331,0.0,0.0,0.0,0.0,0.0,0.0,0.0,0.0,12.217873443046695,4.599583333333333,1.054398148148148,1.2979166666666666,0.6666666666666666,1,0,0,0,0,3.85
*CNCN*,0.4556944444444444,2.3390923149762908,0.1249999999999999,0.1249999999999999,11.050456081168516,0.0,0.0,0.0,0.0,0.0,0.0,0.0,0.0,0.0,3.2604166666666665,1.0868055555555556,1.3325,1.0,2,0,0,0,0,3.29
*CNCO*,0.2056944444444444,2.3390923149762908,0.1020620726159657,0.1020620726159657,5.316788604006331,0.0,0.0,0.0,0.0,5.106527394840706,0.0,0.0,0.0,5.106527394840706,8.110416666666666,0.8368055555555556,1.27,1.0,1,0,0,0,0,3.53
*CNC(=O)c1ccc(*)s1,0.1354629629629631,2.685447835960937,0.8559807796796153,1.651306045616305,5.316788604006331,0.0,17.00988133062452,0.0,0.0,0.0,0.0,5.907179729351506,11.336785877934735,0.0,4.328373960695389,0.0,0.960667044595616,0.1666666666666666,1,0,0,0,0,4.11
*CNC(=O)C(*)=S,0.0257870370370369,3.4904530666021536,0.2532548342716712,0.4386502402209702,5.316788604006331,0.0,0.0,0.0,0.0,4.794537184071822,0.0,5.907179729351506,0.0,12.217873443046695,3.423657407407408,0.0,0.9356481481481482,0.3333333333333333,1,0,0,0,0,5.23
*CNC(=S)c1ccc(*)s1,0.3728514739229025,2.685447835960937,0.8559807796796153,2.163494743111469,5.316788604006331,0.0,17.00988133062452,0.0,0.0,0.0,0.0,0.0,5.380062770465915,12.217873443046695,4.832077664399093,0.0,1.1690003779289493,0.1666666666666666,1,0,0,0,0,4.55
*CNC(=S)c1ccc(*)cc1,0.3480794123204838,2.753742758109602,1.1409793415852705,1.5210191692781927,5.316788604006331,0.0,29.82891976554344,0.0,0.0,0.0,0.0,0.0,0.0,12.217873443046695,3.24422335600907,0.0,1.1472815098261526,0.125,1,0,1,0,0,3.99
*CNC(=S)C(*)=O,0.1878240740740739,3.4904530666021536,0.2532548342716712,0.480925734902411,5.316788604006331,0.0,0.0,0.0,0.0,4.794537184071822,0.0,6.286160523129555,0.0,12.217873443046695,2.900462962962963,0.0,1.0106481481481482,0.3333333333333333,1,0,0,0,0,5.35
*CNC(=S)N*,0.2705092592592593,3.002590528674132,0.1605571312970216,0.3048946985944281,11.050456081168516,0.0,0.0,0.0,0.0,0.0,0.0,0.0,0.0,12.217873443046695,3.9733796296296298,0.0,1.178564814814815,0.5,2,0,0,0,0,5.58
*CNC(=S)O*,0.0205092592592592,3.002590528674132,0.1443375672974064,0.2886751345948128,5.316788604006331,0.0,0.0,0.0,0.0,5.106527394840706,0.0,0.0,0.0,17.324400837887403,8.513194444444444,0.0,1.116064814814815,0.5,1,0,0,0,0,4.57
*CNOc1ccc(*)s1,0.3735922146636432,2.422977777805392,0.6197362908439384,1.2942707448820296,5.480096598121202,0.0,12.13273413692322,0.0,5.0632075352882095,0.0,0.0,0.0,16.716848648400653,4.8375885837366335,2.574068405139834,0.0,1.1007133408919123,0.2,1,0,0,0,0,3.82
*CNOc1ccc(*)cc1,0.3515752551020408,2.51863794324683,0.8776695234608329,0.8776695234608329,5.480096598121202,0.0,24.26546827384644,0.0,5.749511833283905,0.0,0.0,0.0,0.0,4.8375885837366335,0.0,0.0,1.0789944727891156,0.1428571428571428,1,0,1,0,0,3.65
*CNOC(*)=S,0.1455092592592592,2.8219389370591843,0.1138354503153699,0.1971687836487032,5.480096598121202,0.0,0.0,0.0,0.0,4.8375885837366335,0.0,0.0,0.0,17.055462026783328,0.0,0.0,1.0756944444444445,0.5,1,0,0,0,0,3.89
*CNON*,0.2334722222222222,2.3390923149762908,0.0721687836487032,0.0721687836487032,11.377072069398258,0.0,0.0,0.0,0.0,4.938314213673218,0.0,0.0,0.0,0.0,0.0,0.0,1.1102777777777777,1.0,2,0,0,0,0,3.62
*COc1ccc(-c2ccc(*)cc2)s1,0.3416050957420005,2.2486693658517765,1.726349853160727,2.7731664370747238,0.0,0.0,36.39820241076966,0.0,5.0632075352882095,0.0,0.0,0.0,17.403152946396347,4.736862953800049,1.071712962962963,0.0,0.9900110754178214,0.0909090909090909,0,0,1,0,0,4.15
*COc1ccc(O*)s1,0.0400273998488284,2.591816305336146,0.6989422222725459,1.4913278065083948,0.0,0.0,12.13273413692322,0.0,10.12641507057642,0.0,0.0,0.0,11.336785877934735,9.843390348640757,7.299631519274376,0.0,0.9823800075585788,0.2,0,0,0,0,0,3.85
*COc1ccc(O*)cc1,0.0185744992441421,2.664537066654608,0.9903990397689928,0.9903990397689928,0.0,0.0,24.26546827384644,0.0,11.49902366656781,0.0,0.0,0.0,0.0,9.843390348640757,5.257378826530612,0.0,0.9663480253212396,0.1428571428571428,0,0,1,0,0,3.8
*COC(=O)O*,0.2155555555555556,3.002590528674132,0.1178511301977579,0.1178511301977579,0.0,0.0,0.0,4.794537184071822,0.0,9.843390348640757,0.0,0.0,0.0,0.0,4.419444444444444,0.0,0.6577314814814814,0.5,0,0,0,0,0,3.73
*COC(=S)O*,0.0419907407407407,3.002590528674132,0.1178511301977579,0.2357022603955158,0.0,0.0,0.0,0.0,0.0,9.843390348640757,0.0,0.0,0.0,9.843390348640757,5.174074074074074,0.0,0.8660648148148148,0.5,0,0,0,0,0,4.34
*CONC(*)=O,0.1250462962962963,2.8219389370591843,0.1138354503153699,0.1138354503153699,5.480096598121202,0.0,0.0,4.794537184071822,0.0,4.8375885837366335,0.0,6.410095306116121,0.0,0.0,0.0,0.0,0.8034722222222223,0.5,1,0,0,0,0,4.13
*CONO*,0.0320833333333333,2.3390923149762908,0.0589255650988789,0.0589255650988789,5.643404592236074,0.0,0.0,0.0,0.0,10.044841608513924,0.0,0.0,0.0,0.0,4.6,0.0,0.9088888888888887,1.0,1,0,0,0,0,4.25
*C(=O)c1ccc(-c2ccc(-c3ccc(*)s3)s2)s1,0.2109704492704129,1.9381423389123984,2.269918021424779,5.525236267409914,0.0,0.0,41.27534960447096,0.0,0.0,0.0,0.0,0.0,16.716848648400653,0.0,1.591541817586641,0.0,0.0,0.0,0,0,0,0,0,8.28
*C(=O)c1ccc(-c2ccc(C(*)=S)s2)s1,0.131507359116486,2.349062263009113,1.6560275263322053,4.183564782132192,0.0,0.0,34.01976266124904,0.0,0.0,0.0,0.0,0.0,22.673571755869474,12.217873443046695,1.1786396657428404,0.0,0.0,0.0,0,0,0,0,0,6.5
*Oc1ccc(-c2ccc(C(*)=O)s2)s1,0.0305296779205508,2.3233777830440703,1.5307789733359871,3.58840302632225,0.0,0.0,29.142615467547746,0.0,5.0632075352882095,0.0,0.0,0.0,22.673571755869474,5.106527394840706,6.4073366244646,0.0,0.0,0.0,0,0,0,0,0,5.23
*C(=O)c1ccc(-c2ccc(-c3ccc(*)s3)cc2)s1,0.2208649610236908,1.902325887568432,2.632155567916187,4.508815214631296,0.0,0.0,53.40808374139418,0.0,0.0,0.0,0.0,0.0,16.716848648400653,0.0,1.5841975308641976,0.0,0.0,0.0,0,0,1,0,0,7.44
*C(=O)c1ccc(-c2ccc(C(*)=S)cc2)s1,0.1203635937208266,2.3274072852573684,1.993857304589157,3.2605870913168777,0.0,0.0,46.83880109616796,0.0,0.0,0.0,0.0,0.0,11.336785877934735,12.217873443046695,1.1555135109599397,0.0,0.0,0.0,0,0,1,0,0,5.9
*Oc1ccc(-c2ccc(C(*)=O)s2)cc1,0.0416734433162102,2.3115864006790567,1.8454222712126864,2.8764497975448924,0.0,0.0,41.27534960447096,0.0,5.749511833283905,0.0,0.0,0.0,11.336785877934735,5.106527394840706,5.357768854455362,0.0,0.0,0.0,0,0,1,0,0,5.45
*C(=O)c1ccc(C(=O)c2ccc(*)s2)s1,0.0775925925925926,2.304522786101898,1.625803898172049,3.401849835994728,0.0,0.0,38.89690985495034,0.0,0.0,0.0,0.0,12.069405469494496,23.46952001485796,0.0,1.379658184261359,0.0,0.0,0.0,0,0,0,0,0,7.04
*C(=O)c1ccc(C(=O)C(*)=S)s1,0.0208333333333332,2.9854529680476976,1.0230779527641052,2.1891940305993924,0.0,0.0,21.88702852432582,0.0,0.0,0.0,0.0,12.069405469494496,12.13273413692322,12.217873443046695,0.6009193121693122,0.0,0.0,0.0,0,0,0,0,0,6.61
*OC(=O)c1ccc(C(*)=O)s1,0.2381424792139079,2.9120812188252145,0.9077726615983152,1.8697645942016712,0.0,0.0,21.88702852432582,0.0,0.0,5.106527394840706,0.0,12.255465811081404,12.13273413692322,5.106527394840706,4.759915910808768,0.0,0.0,0.0,0,0,0,0,0,4.57
*OC(=S)c1ccc(C(*)=O)s1,0.1343924792139077,2.9120812188252145,0.9077726615983152,2.237615724399429,0.0,0.0,21.88702852432582,0.0,0.0,5.106527394840706,0.0,0.0,0.0,17.324400837887403,5.706675170068028,0.0,0.0,0.0,0,0,0,0,0,5.45
*C(=O)c1ccc(Oc2ccc(*)s2)s1,0.2209292590492984,2.140448930923352,1.330091615797332,2.864555929822814,0.0,0.0,29.14261546754774,0.0,10.12641507057642,0.0,0.0,0.0,11.336785877934735,4.736862953800049,3.260114533467709,0.0,0.0,0.0,0,0,0,0,0,5.0
*C(=O)c1ccc(OC(*)=S)s1,0.0093924792139079,2.7716918003223654,0.8241907752687638,1.7674539685894872,0.0,0.0,17.00988133062452,0.0,5.0632075352882095,0.0,0.0,0.0,0.0,16.954736396846744,0.7762962962962965,0.0,0.0,0.0,0,0,0,0,0,6.41
*C(=O)c1ccc(-c2ccc(-c3ccc(*)cc3)s2)cc1,0.2347825874743052,1.9045869153723525,2.89601638248112,4.079412835875509,0.0,0.0,66.2271221763131,0.0,0.0,0.0,0.0,0.0,0.0,0.0,0.0,0.0,0.0,0.0,0,0,2,0,0,5.86
*Oc1ccc(-c2ccc(C(*)=O)cc2)s1,0.0353928153242726,2.303615435117306,1.8686087515929397,2.7975742053091786,0.0,0.0,41.96165390246666,0.0,5.0632075352882095,0.0,0.0,0.0,11.336785877934735,5.106527394840706,6.420261269631309,0.0,0.0,0.0,0,0,1,0,0,4.73
*C(=O)c1ccc(-c2ccc(-c3ccc(*)cc3)cc2)cc1,0.2417736036271667,1.872001422146861,3.27255166857701,3.27255166857701,0.0,0.0,78.35985631323634,0.0,0.0,0.0,0.0,0.0,0.0,0.0,0.0,0.0,0.0,0.0,0,0,3,0,0,4.43
*C(=O)c1ccc(-c2ccc(C(*)=S)cc2)cc1,0.1160546690362707,2.308527167558888,2.338835952648351,2.5745382130438665,0.0,0.0,59.65783953108687,0.0,0.0,0.0,0.0,0.0,0.0,12.217873443046695,1.1550029906361077,0.0,0.0,0.0,0,0,2,0,0,5.49
*C(=O)c1ccc(C(=O)c2ccc(*)s2)cc1,0.0726322751322754,2.286723613086444,1.9603636555352664,2.755688921471956,0.0,0.0,52.40225258786495,0.0,0.0,0.0,0.0,12.069405469494496,35.602254151781175,0.0,1.3791723356009071,0.0,0.0,0.0,0,0,1,0,0,4.76
*C(=O)c1ccc(C(=O)c2ccc(*)cc2)cc1,0.0251322751322757,2.284394871094497,2.2453622174409213,2.2453622174409213,0.0,0.0,65.22129102278387,0.0,0.0,0.0,0.0,12.069405469494496,24.26546827384644,0.0,0.0,0.0,0.0,0.0,0,0,2,0,0,4.54
*C(=O)c1ccc(C(=O)C(*)=S)cc1,0.0257936507936504,2.996558090260967,1.357637710127323,1.543033116076622,0.0,0.0,35.392371257240434,0.0,0.0,0.0,0.0,12.069405469494496,24.26546827384644,12.217873443046695,0.5994907407407408,0.0,0.0,0.0,0,0,1,0,0,5.0
*OC(=S)c1ccc(C(*)=O)cc1,0.1410591458805743,2.9340419411151166,1.2384535700530246,1.4741558304485405,0.0,0.0,35.392371257240434,0.0,0.0,5.106527394840706,0.0,0.0,0.0,17.324400837887403,5.720162981859411,0.0,0.0,0.0,0,0,1,0,0,5.24
*C(=O)c1ccc(Oc2ccc(*)s2)cc1,0.2316634122784915,2.135159759300548,1.6375860438717893,2.3121204979098806,0.0,0.0,41.96165390246666,0.0,10.812719368572116,0.0,0.0,0.0,11.336785877934735,4.736862953800049,2.4246352985638704,0.0,0.0,0.0,0,0,1,0,0,4.79
*C(=O)c1ccc(OC(*)=S)cc1,0.0160591458805743,2.809454194164694,1.131685203343221,1.2150185366765545,0.0,0.0,29.82891976554344,0.0,5.749511833283905,0.0,0.0,0.0,0.0,16.954736396846744,0.0,0.0,0.0,0.0,0,0,1,0,0,5.05
*C(=O)C(=S)OC(*)=S,0.0207407407407407,3.788427600543415,0.2176977029746496,0.4676977029746496,0.0,0.0,0.0,0.0,0.0,9.53140013787187,0.0,11.33678818346809,0.0,4.736862953800049,0.1064814814814818,0.0,0.0,0.0,0,0,0,0,0,6.46
*C(=O)Oc1ccc(C(*)=S)s1,0.0301275510204079,2.7716918003223654,0.8241907752687639,2.051971765453912,0.0,0.0,17.00988133062452,4.794537184071822,5.0632075352882095,0.0,0.0,6.472220864716464,0.0,16.954736396846744,1.7896693121693126,-0.0301275510204079,0.0,0.0,0,0,0,0,0,5.33
*Oc1ccc(OC(*)=O)s1,0.0402371504157217,2.6495075543905027,0.6989422222725457,1.4568100096439702,0.0,0.0,12.13273413692322,4.794537184071822,10.12641507057642,0.0,0.0,6.472220864716464,6.06636706846161,9.843390348640757,6.716906651549508,-0.0402371504157217,0.0,0.0,0,0,0,0,0,4.26
*C(=O)Oc1ccc(C(*)=S)cc1,0.0474999999999996,2.809454194164694,1.131685203343221,1.367387463738737,0.0,0.0,29.82891976554344,4.794537184071822,5.749511833283905,0.0,0.0,6.472220864716464,0.0,16.954736396846744,1.09375,-0.0474999999999996,0.0,0.0,0,0,1,0,0,4.83
*OC(=O)OC(*)=O,0.3795833333333329,3.3954996118673995,0.125,0.125,0.0,0.0,0.0,9.589074368143644,0.0,9.843390348640757,0.0,6.472220864716464,0.0,0.0,4.269027777777778,-0.3795833333333329,0.0,0.0,0,0,0,0,0,4.67
*OC(=S)OC(*)=O,0.0324074074074076,3.3954996118673995,0.125,0.2083333333333333,0.0,0.0,0.0,4.794537184071822,0.0,9.843390348640757,0.0,11.708908866641906,0.0,0.0,4.671805555555555,-0.1712499999999996,0.0,0.0,0,0,0,0,0,4.16
*Nc1ccc(-c2ccc(-c3ccc(*)s3)s2)s1,0.2473628840629201,1.933629767577347,2.1693257896592333,5.341310702311035,0.0,0.0,36.39820241076966,5.001081976687867,0.0,0.0,0.0,0.0,5.380062770465915,0.0,2.963135670679863,0.0,0.0,0.0,1,0,0,0,0,7.17
*Cc1ccc(-c2ccc(N*)s2)s1,0.2815279352481732,2.2919551642465743,1.510498607006259,3.5457935606232613,0.0,6.923737199690624,29.14261546754774,5.001081976687867,0.0,6.923737199690624,0.0,0.0,4.877147193701299,0.0,1.3549291383219957,1.396201656588561,0.0,0.1111111111111111,1,0,0,0,0,4.54
*Nc1ccc(-c2ccc(C(*)=O)s2)s1,0.1891510770975055,2.3233777830440703,1.5554352945666596,3.631788086835555,0.0,0.0,29.142615467547746,5.001081976687867,0.0,0.0,0.0,0.0,22.673571755869474,0.0,1.2681944444444446,0.0,0.0,0.0,1,0,0,0,0,7.09
*Nc1ccc(-c2ccc(C(*)=S)s2)s1,0.1812192932728646,2.3233777830440703,1.5554352945666596,3.999639217033313,0.0,0.0,29.142615467547746,5.001081976687867,0.0,0.0,0.0,0.0,0.0,12.217873443046695,2.551740231586462,0.0,0.0,0.0,1,0,0,0,0,8.62
*Nc1ccc(-c2ccc(-c3ccc(*)s3)cc2)s1,0.2374683723096421,1.8980389987950737,2.5315633361506413,4.324889649532418,0.0,0.0,48.53093654769288,5.001081976687867,0.0,0.0,0.0,0.0,5.380062770465915,0.0,2.9355361697785947,0.0,0.0,0.0,1,0,1,0,0,6.83
*Nc1ccc(-c2ccc(C(*)=S)cc2)s1,0.1616170372469975,2.303615435117306,1.893265072823612,3.076661526217999,0.0,0.0,41.96165390246666,5.001081976687867,0.0,0.0,0.0,0.0,0.0,12.217873443046695,2.5072830582850427,0.0,0.0,0.0,1,0,1,0,0,5.47
*Nc1ccc(C(=O)c2ccc(*)s2)s1,0.1658810206181238,2.276791863299917,1.5252116664065034,3.217924270895849,0.0,0.0,34.01976266124904,5.001081976687867,0.0,0.0,0.0,5.783244946364939,22.673571755869474,0.0,2.579243066053582,0.0,0.0,0.0,1,0,0,0,0,8.01
*Nc1ccc(C(=O)C(*)=S)s1,0.0939814814814818,2.8897596494816566,0.9224857209985596,2.0052684655005137,0.0,0.0,17.00988133062452,5.001081976687867,0.0,0.0,0.0,5.783244946364939,0.0,12.217873443046695,1.8066147014361305,0.0,0.0,0.0,1,0,0,0,0,7.64
*Nc1ccc(C(=S)c2ccc(*)s2)s1,0.2339082315024776,2.276791863299917,1.5252116664065034,3.953626531291365,0.0,0.0,34.01976266124904,5.001081976687867,0.0,0.0,0.0,0.0,16.716848648400653,12.217873443046695,2.8459097327202487,0.0,0.0,0.0,1,0,0,0,0,6.36
*Nc1ccc(C(=S)c2ccc(*)cc2)s1,0.2205221718316957,2.2762854936030408,1.8102102283121588,3.311150957458087,0.0,0.0,46.83880109616796,5.001081976687867,0.0,0.0,0.0,0.0,11.336785877934735,12.217873443046695,1.2664768623498783,0.0,0.0,0.0,1,0,1,0,0,6.46
*Nc1ccc(Nc2ccc(*)s2)s1,0.2651818520618123,2.102852645102257,1.324027202875412,2.8500731406980906,0.0,0.0,24.26546827384644,15.0032459300636,0.0,0.0,0.0,0.0,16.716848648400653,0.0,8.874654063786009,0.0,0.0,0.0,2,0,0,0,0,4.34
*Nc1ccc(NC(*)=S)s1,0.1784618291761149,2.6495075543905027,0.7802268225663472,1.6963429004016348,0.0,0.0,12.13273413692322,10.002163953375732,0.0,0.0,0.0,0.0,11.336785877934735,12.217873443046695,5.67712962962963,0.0,0.0,0.0,2,0,0,0,0,5.78
*Nc1ccc(Oc2ccc(*)s2)s1,0.2374040742840346,2.102852645102257,1.2294993840317865,2.6806303647239345,0.0,0.0,24.26546827384644,5.001081976687867,10.12641507057642,0.0,0.0,0.0,22.673571755869474,4.736862953800049,4.80539480452675,0.0,0.0,0.0,1,0,0,0,0,4.14
*Nc1ccc(OC(*)=S)s1,0.0673507180650038,2.6495075543905027,0.7235985435032182,1.5835284034906083,0.0,0.0,12.13273413692322,5.001081976687867,5.0632075352882095,0.0,0.0,0.0,11.336785877934735,16.954736396846744,2.1562962962962966,0.0,0.0,0.0,1,0,0,0,0,5.02
*Nc1ccc(-c2ccc(-c3ccc(*)s3)s2)cc1,0.2311877443177045,1.914902758589856,2.489896669483973,4.616556316199085,0.0,0.0,48.53093654769288,5.687386274683562,0.0,0.0,0.0,0.0,5.380062770465915,0.0,1.621132494983505,0.0,0.0,0.0,1,0,1,0,0,4.74
*Nc1ccc(-c2ccc(-c3ccc(*)cc3)s2)cc1,0.2235507458590278,1.9054977594361533,2.7781652522833618,3.961561705677751,0.0,0.0,60.6636706846161,5.687386274683562,0.0,0.0,0.0,0.0,6.06636706846161,0.0,0.0,0.0,0.0,0.0,1,0,2,0,0,5.91
*Nc1ccc(-c2ccc(C(*)=S)s2)cc1,0.167897665238935,2.3115864006790567,1.8760061743913985,3.2748848309213625,0.0,0.0,41.27534960447096,5.687386274683562,0.0,0.0,0.0,0.0,0.0,12.217873443046695,1.2211990845721006,0.0,0.0,0.0,1,0,1,0,0,6.84
*Nc1ccc(-c2ccc(-c3ccc(*)s3)cc2)cc1,0.2230908842455625,1.8816231251221465,2.8592830857776224,3.704915206160528,0.0,0.0,60.6636706846161,5.687386274683562,0.0,0.0,0.0,0.0,5.380062770465915,0.0,1.6093717279080528,0.0,0.0,0.0,1,0,2,0,0,5.94
*Nc1ccc(-c2ccc(-c3ccc(*)cc3)cc2)cc1,0.2165597297061663,1.8726978379111328,3.1547005383792524,3.1547005383792524,0.0,0.0,72.79640482153933,5.687386274683562,0.0,0.0,0.0,0.0,6.06636706846161,0.0,0.0,0.0,0.0,0.0,1,0,3,0,0,4.29
*Cc1ccc(-c2ccc(N*)cc2)cc1,0.24706170913422,2.275124195489887,2.172169285981684,2.172169285981684,0.0,6.923737199690624,54.09438803938988,5.687386274683562,0.0,6.923737199690624,0.0,0.0,0.0,0.0,0.0,1.354467380896854,0.0,0.0769230769230769,1,0,2,0,0,4.35
*Nc1ccc(-c2ccc(C(*)=S)cc2)cc1,0.1508342833613396,2.2938665692343942,2.220984822450593,2.4566870828461087,0.0,0.0,54.09438803938988,5.687386274683562,0.0,0.0,0.0,0.0,0.0,12.217873443046695,1.1907467922890005,0.0,0.0,0.0,1,0,2,0,0,4.84
*Nc1ccc(-c2ccc(O*)cc2)cc1,0.0112027536756975,2.275124195489887,2.0725497890741225,2.0725497890741225,0.0,0.0,48.53093654769288,5.687386274683562,5.749511833283905,0.0,0.0,0.0,0.0,5.106527394840706,5.389820317602605,0.0,0.0,0.0,1,0,2,0,0,4.41
*Nc1ccc(C(=O)c2ccc(*)s2)cc1,0.1583276643990931,2.268259429656968,1.8425125253375083,2.637837791274198,0.0,0.0,46.83880109616796,5.687386274683562,0.0,0.0,0.0,5.783244946364939,11.336785877934735,0.0,1.422217603090619,0.0,0.0,0.0,1,0,1,0,0,6.11
*Nc1ccc(C(=O)C(*)=S)cc1,0.0599017384731672,2.921307190634043,1.2397865799295649,1.4251819858788637,0.0,0.0,29.82891976554344,5.687386274683562,0.0,0.0,0.0,5.783244946364939,0.0,12.217873443046695,0.6658172713529857,0.0,0.0,0.0,1,0,1,0,0,5.95
*Nc1ccc(C(=O)O*)cc1,0.1762093726379436,2.843524062030637,1.1206024398552663,1.1206024398552663,0.0,0.0,29.82891976554344,5.687386274683562,0.0,5.106527394840706,0.0,5.969305287951849,12.13273413692322,5.106527394840706,4.81604473733938,0.0,0.0,0.0,1,0,1,0,0,4.61
*Nc1ccc(C(=S)c2ccc(*)cc2)cc1,0.2115176319992335,2.268204423334219,2.127511087243163,2.5989156080341957,0.0,0.0,59.65783953108687,5.687386274683562,0.0,0.0,0.0,0.0,0.0,12.217873443046695,0.0,0.0,0.0,0.0,1,0,2,0,0,6.72
*Nc1ccc(Nc2ccc(*)s2)cc1,0.2470780843201476,2.105655381485372,1.6240691633742048,2.3360610959775614,0.0,0.0,36.39820241076966,16.37585452605499,0.0,0.0,0.0,0.0,5.380062770465915,0.0,6.27369341563786,0.0,0.0,0.0,2,0,1,0,0,5.07
*Nc1ccc(NO*)cc1,0.0059318310657596,2.664537066654608,1.0027513096575087,1.0027513096575087,0.0,0.0,24.26546827384644,11.374772549367124,0.0,5.20725302477729,0.0,0.0,0.0,5.20725302477729,4.996600292894936,0.0,0.0,0.0,2,0,1,0,0,4.2
*Nc1ccc(Oc2ccc(*)s2)cc1,0.2266699210548417,2.105655381485372,1.5197349136740312,2.1942693677121228,0.0,0.0,36.39820241076966,5.687386274683562,10.812719368572116,0.0,0.0,0.0,11.336785877934735,4.736862953800049,2.5340070966658272,0.0,0.0,0.0,1,0,1,0,0,4.14
*Nc1ccc(Oc2ccc(*)cc2)cc1,0.2157693326795058,2.1088517120273824,1.777668146290926,1.777668146290926,0.0,0.0,48.53093654769288,5.687386274683562,11.49902366656781,0.0,0.0,0.0,0.0,4.736862953800049,0.0,0.0,0.0,0.0,1,0,2,0,0,4.38
*Nc1ccc(OC(*)=S)cc1,0.0449940948601662,2.709147824373649,1.0138340731454631,1.0971674064787964,0.0,0.0,24.26546827384644,5.687386274683562,5.749511833283905,0.0,0.0,0.0,0.0,16.954736396846744,0.0,0.0,0.0,0.0,1,0,1,0,0,4.5
*NC(=O)c1ccc(-c2ccc(*)cc2)s1,0.0615838372385992,2.3116410931172133,1.8325393276814188,2.965628926629589,5.733667477162185,0.0,41.27534960447096,0.0,0.0,0.0,0.0,5.907179729351506,11.336785877934735,0.0,0.0,0.0,0.0,0.0,1,0,1,0,0,5.9
*NC(=O)c1ccc(C(*)=O)s1,0.0069444444444441,2.9120812188252145,0.9303802497894555,1.911100921675444,5.733667477162185,0.0,21.88702852432582,0.0,0.0,0.0,0.0,12.19334025248106,12.13273413692322,0.0,0.0,0.0,0.0,0.0,1,0,0,0,0,5.39
*NC(=O)c1ccc(C(*)=S)s1,0.0406424792139079,2.9120812188252145,0.9303802497894555,2.278952051873202,5.733667477162185,0.0,21.88702852432582,0.0,0.0,0.0,0.0,5.907179729351506,0.0,12.217873443046695,1.0992535903250191,0.0,0.0,0.0,1,0,0,0,0,6.12
*NC(=O)c1ccc(O*)s1,0.0363907785336357,2.7991216323578683,0.8051316967932377,1.6837902960632605,5.733667477162185,0.0,17.00988133062452,0.0,5.0632075352882095,0.0,0.0,5.907179729351506,0.0,5.106527394840706,6.090650037792895,0.0,0.0,0.0,1,0,0,0,0,4.85
*NC(=O)c1ccc(-c2ccc(*)s2)cc1,0.0646188166624675,2.2889549831233023,1.903238270479701,2.748870390862608,5.733667477162185,0.0,41.96165390246666,0.0,0.0,0.0,0.0,5.907179729351506,5.380062770465915,0.0,1.5566460905349797,0.0,0.0,0.0,1,0,1,0,0,5.23
*NC(=O)c1ccc(-c2ccc(*)cc2)cc1,0.065977891156463,2.28940133813224,2.198655723081332,2.198655723081332,5.733667477162185,0.0,54.09438803938988,0.0,0.0,0.0,0.0,5.907179729351506,0.0,0.0,0.0,0.0,0.0,0.0,1,0,2,0,0,4.85
*NC(=O)c1ccc(C(*)=S)cc1,0.0561224489795921,2.9340419411151166,1.264940007152673,1.5006422675481892,5.733667477162185,0.0,35.392371257240434,0.0,0.0,0.0,0.0,5.907179729351506,0.0,12.217873443046695,1.1021589191232048,0.0,0.0,0.0,1,0,1,0,0,5.0
*NC(=O)c1ccc(O*)cc1,0.0460128495842786,2.843524062030637,1.116504973776203,1.116504973776203,5.733667477162185,0.0,29.82891976554344,0.0,5.749511833283905,0.0,0.0,5.907179729351506,12.13273413692322,5.106527394840706,5.216468017762661,0.0,0.0,0.0,1,0,1,0,0,4.32
*NC(=O)C(=S)c1ccc(*)s1,0.0492129629629629,2.8510623327042497,0.901652387665226,2.2502241897489723,5.733667477162185,0.0,17.00988133062452,0.0,0.0,4.794537184071822,0.0,5.907179729351506,11.336785877934735,12.217873443046695,1.433605442176871,0.0,0.0,0.0,1,0,0,0,0,8.51
*NC(=O)C(=S)c1ccc(*)cc1,0.0778760393046107,2.898667675015539,1.186650949570881,1.607748615915696,5.733667477162185,0.0,29.82891976554344,0.0,0.0,4.794537184071822,0.0,5.907179729351506,0.0,12.217873443046695,0.0,0.0,0.0,0.0,1,0,1,0,0,5.85
*NC(=O)C(=S)C(*)=O,0.0046296296296299,4.053443249785434,0.298926442257282,0.5676551815399145,5.733667477162185,0.0,0.0,0.0,0.0,9.589074368143644,0.0,17.057907571232686,0.0,0.0,0.0,0.0,0.0,0.0,1,0,0,0,0,6.53
*NC(=O)C(=S)O*,0.0724074074074074,3.643224945571916,0.1853954059492991,0.3707908118985982,5.733667477162185,0.0,0.0,0.0,0.0,9.901064578912528,0.0,10.95780738969004,0.0,5.106527394840706,4.851157407407408,0.0,0.0,0.0,1,0,0,0,0,6.14
*NC(=O)Nc1ccc(*)s1,0.0294302721088435,2.5725016835725403,0.708362452925031,1.420354385528387,5.733667477162185,0.0,12.13273413692322,9.795619160759689,0.0,0.0,0.0,6.031114512338072,11.336785877934735,0.0,5.22411470143613,0.0,0.0,0.0,2,0,0,0,0,4.94
*NC(=O)Nc1ccc(*)cc1,0.0512792894935751,2.6449316670687724,0.9761021163984734,0.9761021163984734,5.733667477162185,0.0,24.26546827384644,10.481923458755384,0.0,0.0,0.0,6.031114512338072,0.0,0.0,2.759027777777778,0.0,0.0,0.0,2,0,1,0,0,4.69
*NC(=O)NC(*)=O,0.0670833333333331,3.3954996118673995,0.1645620726159657,0.1645620726159657,11.050456081168516,0.0,0.0,9.589074368143644,0.0,0.0,0.0,12.441209818454194,0.0,0.0,2.177083333333333,0.0,0.0,0.0,2,0,0,1,0,5.39
*NC(=O)NC(*)=S,0.0185648148148147,3.3954996118673995,0.1645620726159657,0.2666241452319315,11.050456081168516,0.0,0.0,4.794537184071822,0.0,0.0,0.0,6.031114512338072,0.0,12.217873443046695,2.547453703703704,0.0,0.0,0.0,2,0,0,0,0,7.36
*NC(=O)NO*,0.017824074074074,3.002590528674132,0.0926977029746495,0.0926977029746495,11.213764075283386,0.0,0.0,4.794537184071822,0.0,5.20725302477729,0.0,6.031114512338072,0.0,0.0,4.522453703703704,0.0,0.0,0.0,2,0,0,0,0,5.14
*NC(=O)Oc1ccc(*)s1,0.0919302721088435,2.5725016835725403,0.6402652101698849,1.314799664207976,5.733667477162185,0.0,12.13273413692322,4.794537184071822,5.0632075352882095,0.0,0.0,6.093240070938415,11.336785877934735,4.736862953800049,2.1282350718065004,0.0,0.0,0.0,1,0,0,0,0,4.64
*NC(=O)Oc1ccc(*)cc1,0.1137792894935751,2.6449316670687724,0.8981984427867793,0.8981984427867793,5.733667477162185,0.0,24.26546827384644,4.794537184071822,5.749511833283905,0.0,0.0,6.093240070938415,0.0,4.736862953800049,0.0,0.0,0.0,0.0,1,0,1,0,0,4.54
*NC(=O)OC(*)=S,0.0810648148148147,3.3954996118673995,0.1343643696413162,0.2176977029746495,5.733667477162185,0.0,0.0,4.794537184071822,0.0,4.736862953800049,0.0,6.093240070938415,0.0,0.0,0.0,0.0,0.0,0.0,1,0,0,0,0,5.76
*NC(=S)c1ccc(C(*)=S)s1,0.1676908541194256,2.9120812188252145,0.9303802497894555,2.64680318207096,5.733667477162185,0.0,21.88702852432582,0.0,0.0,0.0,0.0,0.0,11.336785877934735,24.43574688609339,1.1918461829176117,0.0,0.0,0.0,1,0,0,0,0,6.57
*NC(=S)c1ccc(O*)s1,0.0161233938019651,2.7991216323578683,0.8051316967932377,2.051641426261018,5.733667477162185,0.0,17.00988133062452,0.0,5.0632075352882095,0.0,0.0,0.0,11.336785877934735,17.324400837887403,6.3165759637188215,0.0,0.0,0.0,1,0,0,0,0,5.61
*NC(=S)c1ccc(O*)cc1,0.0013022014361301,2.843524062030637,1.116504973776203,1.3522072341717188,5.733667477162185,0.0,29.82891976554344,0.0,5.749511833283905,0.0,0.0,0.0,0.0,17.324400837887403,5.284495228647014,0.0,0.0,0.0,1,0,1,0,0,4.57
*NC(=S)C(=O)O*,0.0025925925925927,3.643224945571916,0.1853954059492991,0.3520620726159658,5.733667477162185,0.0,0.0,0.0,0.0,9.901064578912528,0.0,10.95780738969004,0.0,0.0,4.5502314814814815,0.0,0.0,0.0,1,0,0,0,0,6.34
*NC(=S)Nc1ccc(*)cc1,0.1570540438397581,2.6449316670687724,0.9761021163984734,1.0781641890144391,5.733667477162185,0.0,24.26546827384644,5.687386274683562,0.0,0.0,0.0,0.0,0.0,12.217873443046695,3.89874433106576,0.0,0.0,0.0,2,0,1,0,0,5.66
*NC(=S)NC(*)=S,0.1620370370370369,3.3954996118673995,0.1645620726159657,0.3686862178478972,11.050456081168516,0.0,0.0,0.0,0.0,0.0,0.0,0.0,0.0,24.43574688609339,3.658564814814815,0.0,0.0,0.0,2,0,0,0,0,6.08
*NC(=S)NO*,0.0,3.002590528674132,0.0926977029746495,0.1760310363079829,11.213764075283386,0.0,0.0,0.0,0.0,5.20725302477729,0.0,0.0,0.0,17.425126467823986,5.392824074074074,0.0,0.0,0.0,2,0,0,0,0,6.07
*NC(=S)OC(*)=S,0.0509259259259259,3.3954996118673995,0.1343643696413162,0.3010310363079829,5.733667477162185,0.0,0.0,0.0,0.0,4.736862953800049,0.0,0.0,0.0,29.17260983989344,0.4907407407407409,0.0,0.0,0.0,1,0,0,0,0,6.0
*NOc1ccc(O*)cc1,0.0029494992441421,2.664537066654608,0.9415835033000842,0.9415835033000842,5.896975471277056,0.0,24.26546827384644,0.0,11.49902366656781,0.0,0.0,0.0,0.0,9.94411597857734,5.236970663265306,0.0,0.0,0.0,1,0,1,0,0,4.11
*NOC(=O)O*,0.0344444444444445,3.002590528674132,0.0833333333333333,0.0833333333333333,5.896975471277056,0.0,0.0,4.794537184071822,0.0,9.94411597857734,0.0,0.0,0.0,0.0,4.356944444444444,0.0,0.0,0.0,1,0,0,0,0,4.3
*NOC(=S)O*,0.0819907407407407,3.002590528674132,0.0833333333333333,0.1666666666666666,5.896975471277056,0.0,0.0,0.0,0.0,9.94411597857734,0.0,5.236688001925443,0.0,5.106527394840706,5.000462962962963,0.0,0.0,0.0,1,0,0,0,0,5.13
*NC(=S)Nc1ccc(NC(=S)Nc2ccc(Oc3ccc(*)cc3)cc2)cc1,0.0423505007419143,1.521263552927683,3.436174136566845,3.742360354414744,5.733667477162185,0.0,72.79640482153933,17.062158824050687,11.49902366656781,0.0,0.0,0.0,0.0,29.17260983989344,10.692108699183564,0.0,0.0,0.0,4,0,3,0,0,5.43
*NC(=S)Nc1ccc(NC(=S)Nc2ccc(Cc3ccc(*)cc3)cc2)cc1,0.0501630007419143,1.521263552927683,3.807959160450314,4.114145378298213,5.733667477162185,6.4208216229260096,83.92330780493333,17.062158824050687,0.0,6.4208216229260096,0.0,0.0,0.0,24.43574688609339,10.841768982429013,0.0,0.0,0.0476190476190476,4,0,3,0,0,4.55
*NC(=S)Nc1ccc(Cc2ccc(*)cc2)cc1,0.1098519499826526,2.0195228720543663,2.4073217737797847,2.509383846395751,5.733667477162185,6.4208216229260096,59.65783953108687,5.687386274683562,0.0,6.4208216229260096,0.0,0.0,6.06636706846161,12.217873443046695,3.930091380113928,0.0,0.0,0.0714285714285714,2,0,2,0,0,4.19
*CCOCCOC(=O)Nc1ccc(C)c(NC(=O)O*)c1,0.2215208735902285,2.491395918965853,2.325866465560226,2.325866465560226,0.0,13.847474399381248,23.762552697081823,20.963846917510768,0.0,14.580253302440804,6.923737199690624,6.606881964512918,18.19910120538483,14.580253302440804,10.039698773880009,4.428304851937262,0.0,0.3846153846153846,2,0,1,0,0,3.82
*C(=O)NC(=O)c1ccc(*)cc1,0.076435185185185,2.776706823371711,1.1449842829042145,1.1449842829042145,5.316788604006331,0.0,29.82891976554344,4.794537184071822,0.0,0.0,0.0,12.317275035467627,12.13273413692322,0.0,2.3321863189720333,0.0,0.0,0.0,1,0,1,1,0,4.45
*NC(=O)OC(*)=O,0.1736574074074075,3.3954996118673995,0.1343643696413162,0.1343643696413162,5.733667477162185,0.0,0.0,9.589074368143644,0.0,4.736862953800049,0.0,6.472220864716464,0.0,0.0,0.0,-0.3170833333333331,0.0,0.0,1,0,0,0,0,5.35
*OCCC(=O)CC(=O)Oc1ccc(*)cc1,0.1148347278790096,2.3880135121574426,1.6417433816021778,1.6417433816021778,0.0,12.84164324585202,24.26546827384644,0.0,5.749511833283905,14.69560176298435,0.0,12.204066569290948,12.13273413692322,9.843390348640757,5.009498406685907,0.4493805622187656,0.0,0.2727272727272727,0,0,1,0,0,3.67
*CCOC(=S)NC(=S)c1ccc(N*)cc1,0.1811962255951252,2.5390569863186543,1.595838407242412,2.1535159430676174,5.316788604006331,6.923737199690624,29.82891976554344,5.687386274683562,0.0,4.736862953800049,0.0,0.0,0.0,29.17260983989344,3.312767489711934,1.9026965247888763,0.0,0.2,2,0,1,0,0,5.17
*CNCCCOCO*,0.0894911344167296,2.6476048489438337,0.7255618585214199,0.7255618585214199,5.316788604006331,6.4208216229260096,0.0,0.0,0.0,9.843390348640757,0.0,0.0,0.0,9.843390348640757,8.299162808641976,2.4928776927437646,1.2943672839506173,1.0,1,0,0,0,0,3.54
*CNCNC(=O)NC(=O)N*,0.1926384952129001,3.39613652381051,0.6010075515613058,0.6010075515613058,21.68403328918118,0.0,0.0,9.589074368143644,0.0,0.0,0.0,0.0,0.0,0.0,7.619388936130008,0.4294633408919122,1.0264867567397329,0.5,4,0,0,1,0,3.92
*CNC(=O)NCOCO*,0.0354380039052657,3.040425665876032,0.5786784521920456,0.5786784521920456,10.633577208012662,0.0,0.0,4.794537184071822,0.0,9.843390348640757,0.0,12.761931259837556,0.0,9.843390348640757,10.064215718694886,0.5477662037037037,0.8695987654320988,0.75,2,0,0,0,0,4.22
*CNC(=O)ONC(=O)NO*,0.1233428602922651,3.402570682630092,0.473461712529338,0.473461712529338,16.276981800248734,0.0,0.0,9.589074368143644,0.0,10.044841608513924,0.0,0.0,0.0,0.0,6.909724977954145,0.0,0.6853716301335349,0.3333333333333333,3,0,0,0,0,4.65
*COCOCCCO*,0.1433105788611741,2.6476048489438337,0.5996793685588859,0.5996793685588859,0.0,6.4208216229260096,0.0,0.0,0.0,14.580253302440804,0.0,0.0,0.0,14.580253302440804,5.0898919753086425,2.152599914965986,0.9749228395061728,1.0,0,0,0,0,0,3.51
*CNCCNC(=O)OC*,0.2018522455278407,3.040425665876032,0.7022086113416255,0.7022086113416255,10.633577208012662,0.0,0.0,4.794537184071822,0.0,4.736862953800049,0.0,6.093240070938415,0.0,4.736862953800049,5.86467899659864,1.5554355631141346,1.8694781431090957,0.8,2,0,0,0,0,3.67
*C(=O)c1ccc(NC(=S)Oc2ccc(Nc3ccc(*)s3)s2)s1,0.2611400656999849,1.569600373548371,2.4245109070248114,5.097944183400143,0.0,0.0,41.27534960447096,15.0032459300636,5.0632075352882095,0.0,0.0,5.1745624433251,0.0,16.954736396846744,11.970137772315285,0.0,0.0,0.0,2,0,0,0,0,5.35
*NOC(=O)NCC(=O)NC(*)=O,0.2073567281851012,3.5757351909093624,0.6764311694816803,0.6764311694816803,16.530552679289716,0.0,0.0,9.589074368143644,0.0,9.632125767808455,0.0,12.954851712028695,0.0,0.0,4.267002314814815,-0.2376851851851853,0.0,0.25,3,0,0,1,0,5.02
*NCCCNC(=O)NC(*)=O,0.083842723817922,3.256951580195633,0.803672594506261,0.803672594506261,16.367244685174846,6.4208216229260096,0.0,9.589074368143644,0.0,0.0,0.0,12.441209818454194,0.0,0.0,4.842743055555555,1.6114828987150414,0.0,0.6,3,0,0,1,0,4.19
*Nc1ccc(NC(=O)NC(=O)NC(*)=O)s1,0.0668095558675464,2.437579476379825,1.234350967798279,2.0484049730176004,10.633577208012662,0.0,12.13273413692322,24.3857755055912,0.0,0.0,0.0,6.410095306116121,6.06636706846161,0.0,8.196705404383977,0.0,0.0,0.0,4,0,0,2,0,5.34
*NCNC(=O)OC(=O)NC(*)=O,0.0138932718148989,3.654086216996418,0.5712144298189726,0.5712144298189726,16.367244685174846,0.0,0.0,14.383611552215466,0.0,4.736862953800049,0.0,6.410095306116121,0.0,0.0,4.170500047241118,0.2995384542705972,0.0,0.25,3,0,0,1,0,4.67
*OCCCCONC(*)=O,0.0926619058117075,2.8497612822334424,0.7545726575261484,0.7545726575261484,5.480096598121202,12.84164324585202,0.0,4.794537184071822,0.0,9.94411597857734,0.0,6.410095306116121,0.0,9.94411597857734,5.088930539808516,1.4786125283446714,0.0,0.8,1,0,0,0,1,3.69
*Oc1ccc(C(=O)c2ccc(C(=O)NOC(*)=O)s2)cc1,0.1624412110523216,2.1062698781393028,2.3554804494716426,3.4382631939735977,5.480096598121202,0.0,51.71594828986925,4.794537184071822,5.749511833283905,4.8375885837366335,0.0,12.255465811081404,30.33183534230805,5.106527394840706,5.288462012249856,-0.3704175648642291,0.0,0.0,1,0,1,0,0,4.55
*c1ccc(C(F)(F)c2ccc(C(*)(F)F)s2)s1,0.0348516628873769,2.3875715569531573,1.8828090631725387,3.871765050881493,0.0,12.347973912953767,38.89690985495034,17.56166019069928,0.0,12.347973912953767,0.0,14.631441581103898,6.06636706846161,0.0,1.0283419548374908,0.0,0.0,0.2,0,0,0,0,0,4.41
*C(=S)C(F)(F)c1ccc(C(*)(F)F)s1,0.2421990740740736,3.0977593843126936,1.2298997377454777,2.6089258654670404,0.0,12.347973912953767,21.88702852432582,17.56166019069928,0.0,12.347973912953767,0.0,15.121777282918838,0.0,0.0,-0.2478146258503397,0.0,0.0,0.2857142857142857,0,0,0,0,0,3.9
*OC(F)(F)c1ccc(C(*)(F)F)s1,0.2599768518518515,2.999849656155644,1.079109438265308,2.1830414041261816,0.0,12.534034254540677,21.88702852432582,17.56166019069928,0.0,17.640561649381382,0.0,4.877147193701299,0.0,0.0,4.152300642479214,0.0,0.0,0.3333333333333333,0,0,0,0,0,3.93
*c1ccc(C(F)(F)c2ccc(C(*)(F)F)cc2)s1,0.0042743764172332,2.362366887026376,2.246765563945233,3.1130608465106806,0.0,12.347973912953767,52.40225258786495,17.56166019069928,0.0,12.347973912953767,0.0,16.00405017709529,6.06636706846161,0.0,1.043691368522718,0.0,0.0,0.1666666666666666,0,0,1,0,0,4.0
*c1ccc(C(F)(F)c2ccc(C(*)(F)F)cc2)cc1,0.0087160905072163,2.365510321938987,2.546462497555625,2.546462497555625,0.0,12.347973912953767,65.22129102278387,17.56166019069928,0.0,12.347973912953767,0.0,16.690354475090988,12.13273413692322,0.0,0.0,0.0,0.0,0.1428571428571428,0,0,2,0,0,3.82
*C(=S)C(F)(F)c1ccc(C(*)(F)F)cc1,0.1656368102796672,3.093153964892794,1.5938562385181714,1.8502216610962288,0.0,12.347973912953767,35.392371257240434,17.56166019069928,0.0,12.347973912953767,0.0,16.49438587891023,0.0,0.0,-0.217237339380196,0.0,0.0,0.2222222222222222,0,0,1,0,0,3.7
*OC(F)(F)c1ccc(C(*)(F)F)cc1,0.175746409674981,3.007046884339858,1.439187090129494,1.439187090129494,0.0,12.534034254540677,35.392371257240434,17.56166019069928,0.0,17.640561649381382,0.0,11.126902983393991,0.0,0.0,4.193985496976568,0.0,0.0,0.25,0,0,1,0,0,3.68
*C(=S)c1ccc(C(F)(F)C(*)(F)F)s1,0.2347978080120936,3.113230106486668,1.2533968992324025,2.6729387179449065,0.0,12.347973912953767,21.88702852432582,17.56166019069928,0.0,5.922529168094576,0.0,0.0,0.0,12.217873443046695,0.6884353741496599,0.0,0.0,0.2857142857142857,0,0,0,0,0,4.44
*Oc1ccc(C(F)(F)C(*)(F)F)s1,0.3230787037037042,3.0356750837863054,1.128148346236184,2.077776962134965,0.0,12.347973912953767,17.00988133062452,17.56166019069928,5.0632075352882095,5.922529168094576,0.0,0.0,0.0,5.106527394840706,5.236444160997733,0.0,0.0,0.3333333333333333,0,0,0,0,0,3.9
*c1ccc(-c2ccc(C(F)(F)C(*)(F)F)cc2)s1,0.1307188484515323,2.337247322594433,2.2409532916273864,3.086585412010292,0.0,12.347973912953767,41.96165390246666,17.56166019069928,0.0,5.922529168094576,0.0,0.0,11.336785877934735,0.0,1.3613869598765436,0.0,0.0,0.1666666666666666,0,0,1,0,0,3.57
*c1ccc(-c2ccc(C(F)(F)C(*)(F)F)cc2)cc1,0.1431383294568717,2.334538145790933,2.536370744229017,2.536370744229017,0.0,12.347973912953767,54.09438803938988,17.56166019069928,0.0,5.922529168094576,0.0,0.0,0.0,0.0,0.0,0.0,0.0,0.1428571428571428,0,0,2,0,0,3.97
*C(=S)c1ccc(C(F)(F)C(*)(F)F)cc1,0.1611533525447215,3.114951712976516,1.6026550283003578,1.8383572886958737,0.0,12.347973912953767,35.392371257240434,17.56166019069928,0.0,5.922529168094576,0.0,0.0,0.0,12.217873443046695,0.7916666666666666,0.0,0.0,0.2222222222222222,0,0,1,0,0,4.33
*Oc1ccc(C(F)(F)C(*)(F)F)cc1,0.3231903895817585,3.057356065608256,1.4542199949238876,1.4542199949238876,0.0,12.347973912953767,29.82891976554344,17.56166019069928,5.749511833283905,5.922529168094576,0.0,0.0,0.0,5.106527394840706,5.000682397959183,0.0,0.0,0.25,0,0,1,0,0,3.63
*c1ccc(CC(F)(F)C(*)(F)F)s1,0.0110478080120937,2.780637757434068,1.200024729548062,1.9965676515143,0.0,18.76879553587978,17.00988133062452,17.56166019069928,0.0,6.4208216229260096,0.0,0.0,12.13273413692322,0.0,1.1132038926681784,0.0,0.0,0.4285714285714285,0,0,0,0,0,3.59
*c1ccc(CC(F)(F)C(*)(F)F)cc1,0.0449577585663896,2.820297712391952,1.4898999841717508,1.4898999841717508,0.0,18.76879553587978,29.82891976554344,17.56166019069928,0.0,6.4208216229260096,0.0,0.0,12.13273413692322,0.0,0.0,0.0,0.0,0.3333333333333333,0,0,1,0,0,3.38
*C(=O)CC(F)(F)C(*)(F)F,0.6576620370370365,4.340652398986658,0.5706755160665888,0.5706755160665888,0.0,18.76879553587978,0.0,17.56166019069928,0.0,4.794537184071822,0.0,0.0,0.0,0.0,0.0,0.0,0.0,0.75,0,0,0,0,0,3.37
*C(=S)CC(F)(F)C(*)(F)F,0.1756712962962965,4.340652398986658,0.5706755160665888,0.7150130833639952,0.0,18.76879553587978,0.0,17.56166019069928,0.0,0.0,0.0,5.36748289551624,0.0,0.0,0.1756712962962965,0.0,0.0,0.75,0,0,0,0,0,3.81
*NCC(F)(F)C(*)(F)F,0.4050694444444445,4.101783752547981,0.4985067324178855,0.4985067324178855,5.733667477162185,12.347973912953767,0.0,17.56166019069928,0.0,0.0,0.0,0.0,0.0,0.0,0.0,-0.8298611111111112,0.0,1.0,1,0,0,0,0,4.32
*OCC(F)(F)C(*)(F)F,0.6550694444444445,4.101783752547981,0.4577654925800544,0.4577654925800544,0.0,12.347973912953767,0.0,17.56166019069928,0.0,5.106527394840706,0.0,0.0,0.0,0.0,4.193125,-1.0798611111111112,0.0,1.0,0,0,0,0,0,3.5
*c1ccc(C(=O)C(F)(F)C(*)(F)F)s1,0.1843811413454268,3.047268178388045,1.2179457390333792,2.0132710049700684,0.0,12.347973912953767,17.00988133062452,17.56166019069928,0.0,0.0,0.0,4.877147193701299,6.06636706846161,0.0,0.8894538926681785,0.0,0.0,0.2857142857142857,0,0,0,0,0,3.93
*c1ccc(C(=O)C(F)(F)C(*)(F)F)cc1,0.0821208506550768,3.0749530391200137,1.502944300939034,1.502944300939034,0.0,12.347973912953767,29.82891976554344,17.56166019069928,0.0,0.0,0.0,5.563451491696996,12.13273413692322,0.0,0.0,0.0,0.0,0.2222222222222222,0,0,1,0,0,3.85
*C(=S)C(=O)C(F)(F)C(*)(F)F,0.4585879629629625,4.866911094741326,0.6152197936254348,0.8006151995747338,0.0,12.347973912953767,0.0,17.56166019069928,0.0,4.794537184071822,0.0,0.0,0.0,0.0,-0.4585879629629625,0.0,0.0,0.5,0,0,0,0,0,4.75
*OC(=S)C(F)(F)C(*)(F)F,0.8402546296296296,4.590778800906395,0.4937136836875072,0.750079106265565,0.0,12.347973912953767,0.0,17.56166019069928,0.0,5.106527394840706,0.0,0.0,0.0,0.0,2.908402777777778,0.0,0.0,0.6666666666666666,0,0,0,0,0,3.68
*c1ccc(NC(F)(F)C(*)(F)F)s1,0.0510478080120935,2.780637757434068,0.9891707959788044,1.7011627285821609,0.0,12.471908695940332,12.13273413692322,22.562742167387142,0.0,0.0,0.0,5.001081976687867,11.38315567246794,0.0,2.8060511148904013,0.0,0.0,0.3333333333333333,1,0,0,0,0,4.5
*c1ccc(NC(F)(F)C(*)(F)F)cc1,0.0171799807886117,2.820297712391952,1.256910459452247,1.256910459452247,0.0,12.471908695940332,24.26546827384644,23.24904646538284,0.0,0.0,0.0,5.687386274683562,17.449522740929552,0.0,1.592361111111111,0.0,0.0,0.25,1,0,1,0,0,3.92
*C(=O)NC(F)(F)C(*)(F)F,0.907662037037037,4.340652398986658,0.4453704156697393,0.4453704156697393,5.316788604006331,12.471908695940332,0.0,22.3561973747711,0.0,0.0,0.0,0.0,0.0,0.0,1.0104166666666663,0.0,0.0,0.6666666666666666,1,0,0,0,0,3.53
*C(=S)NC(F)(F)C(*)(F)F,0.0743287037037034,4.340652398986658,0.4453704156697393,0.547432488285705,5.316788604006331,12.471908695940332,0.0,17.56166019069928,0.0,0.0,0.0,5.491417678502805,0.0,0.0,1.380787037037037,0.0,0.0,0.6666666666666666,1,0,0,0,0,3.81
*NOC(F)(F)C(*)(F)F,0.6272916666666666,4.101783752547981,0.3481915291272176,0.3481915291272176,5.896975471277056,12.534034254540677,0.0,17.56166019069928,0.0,4.8375885837366335,0.0,0.0,5.896975471277056,0.0,0.0,0.0,0.0,1.0,1,0,0,0,0,3.73
*c1ccc(C(F)(F)CC(*)(F)F)s1,0.1111668556311413,2.851596052992172,1.1877726625848162,2.096343439831705,0.0,18.76879553587978,17.00988133062452,17.56166019069928,0.0,5.922529168094576,0.0,4.877147193701299,6.06636706846161,0.0,0.9640140778533638,0.0,0.0,0.4285714285714285,0,0,0,0,0,3.75
*c1ccc(C(F)(F)CC(*)(F)F)cc1,0.0201641235197782,2.9042644126592805,1.4962251378217513,1.4962251378217513,0.0,18.76879553587978,29.82891976554344,17.56166019069928,0.0,5.922529168094576,0.0,5.563451491696996,12.13273413692322,0.0,0.0,0.0,0.0,0.3333333333333333,0,0,1,0,0,3.47
*C(=O)C(F)(F)CC(*)(F)F,1.1662500000000002,4.2487708148297765,0.504970048190492,0.504970048190492,0.0,18.76879553587978,0.0,17.56166019069928,0.0,4.794537184071822,0.0,0.0,0.0,0.0,0.0,0.0,0.0,0.75,0,0,0,0,0,3.64
*C(=S)C(F)(F)CC(*)(F)F,0.4053472222222221,4.2487708148297765,0.504970048190492,0.8036109654499902,0.0,18.76879553587978,0.0,17.56166019069928,0.0,0.0,0.0,0.0,0.0,0.0,-0.4053472222222221,0.0,0.0,0.75,0,0,0,0,0,3.78
*NC(F)(F)CC(*)(F)F,0.7079166666666665,3.887594744367081,0.3556495895607427,0.3556495895607427,5.733667477162185,18.89273031886634,0.0,17.56166019069928,0.0,0.0,0.0,0.0,5.733667477162185,0.0,0.0,0.0,0.0,1.0,1,0,0,0,0,3.9
*OC(F)(F)CC(*)(F)F,0.9579166666666664,3.887594744367081,0.3394300255611275,0.3394300255611275,0.0,18.954855877466684,0.0,17.56166019069928,0.0,5.106527394840706,0.0,0.0,0.0,0.0,3.790347222222222,0.0,0.0,1.0,0,0,0,0,0,3.47
*C(=O)C(F)(F)C(=O)C(*)(F)F,1.416666666666667,4.826777907334156,0.5849993340637172,0.5849993340637172,0.0,12.347973912953767,0.0,17.56166019069928,0.0,9.589074368143644,0.0,0.0,0.0,0.0,0.0,0.0,0.0,0.5,0,0,0,0,0,3.77
*OC(F)(F)C(=O)C(*)(F)F,1.2083333333333337,4.4975656797147,0.435983289441355,0.435983289441355,0.0,12.534034254540677,0.0,17.56166019069928,0.0,9.901064578912528,0.0,0.0,0.0,0.0,3.5530787037037035,0.0,0.0,0.6666666666666666,0,0,0,0,0,3.55
*OC(F)(F)C(=S)C(*)(F)F,1.0750000000000002,4.4975656797147,0.435983289441355,0.827923322698872,0.0,12.534034254540677,0.0,17.56166019069928,0.0,5.106527394840706,0.0,0.0,0.0,0.0,3.761412037037037,0.0,0.0,0.6666666666666666,0,0,0,0,0,3.6
*c1ccc(C(F)(F)NC(*)(F)F)s1,0.138944633408919,2.851596052992172,1.0325742732207035,1.898869555786152,5.316788604006331,12.595843478926898,17.00988133062452,17.56166019069928,0.0,6.046463951081142,0.0,4.877147193701299,6.06636706846161,0.0,2.031745559334845,-3.325430366591081,0.0,0.3333333333333333,1,0,0,0,0,4.48
*c1ccc(C(F)(F)NC(*)(F)F)cc1,0.0405722867850844,2.9042644126592805,1.332271206831097,1.332271206831097,5.316788604006331,12.595843478926898,29.82891976554344,17.56166019069928,0.0,6.046463951081142,0.0,0.0,12.13273413692322,0.0,1.096075207860922,-3.3510554846938776,0.0,0.25,1,0,1,0,0,3.77
*C(=O)C(F)(F)NC(*)(F)F,0.7523148148148144,4.2487708148297765,0.3796649477936425,0.3796649477936425,5.316788604006331,12.595843478926898,0.0,17.56166019069928,0.0,4.794537184071822,0.0,0.0,0.0,0.0,0.7523148148148144,-3.4647916666666667,0.0,0.6666666666666666,1,0,0,0,0,4.75
*C(=S)C(F)(F)NC(*)(F)F,0.5164583333333332,4.2487708148297765,0.3796649477936425,0.6360303703717,5.316788604006331,12.595843478926898,0.0,17.56166019069928,0.0,0.0,0.0,0.0,0.0,0.0,0.4441898148148147,-3.331458333333334,0.0,0.6666666666666666,1,0,0,0,0,4.49
*NC(F)(F)NC(*)(F)F,0.7704166666666665,3.887594744367081,0.2514822365046136,0.2514822365046136,11.050456081168516,12.719778261913463,0.0,17.56166019069928,0.0,0.0,0.0,0.0,5.733667477162185,0.0,0.940972222222222,-3.286875,0.0,1.0,2,0,0,0,0,4.43
*OC(F)(F)NC(*)(F)F,0.8298611111111107,3.887594744367081,0.2400132728125965,0.2400132728125965,5.316788604006331,12.78190382051381,0.0,17.56166019069928,0.0,5.106527394840706,0.0,0.0,0.0,0.0,4.509097222222222,-3.349375,0.0,1.0,1,0,0,0,0,4.04
*c1ccc(-c2ccc(-c3ccc(-c4ccc(*)s4)s3)cc2)cc1,0.3065309687486122,1.60990444075386,3.5414635156103933,5.668123162325501,0.0,0.0,72.79640482153933,0.0,0.0,0.0,0.0,0.0,11.446429838927523,0.0,1.6177784778532645,0.0,0.0,0.0,0,0,2,0,0,7.13
*C(=S)c1ccc(-c2ccc(-c3ccc(*)cc3)cc2)s1,0.1418684108880024,1.8916337807295731,2.927573020517817,4.32645167704778,0.0,0.0,65.5408178783174,0.0,0.0,0.0,0.0,0.0,6.06636706846161,12.217873443046695,1.2165889483846528,0.0,0.0,0.0,0,0,2,0,0,6.66
*c1ccc(C(=S)c2ccc(-c3ccc(*)s3)s2)cc1,0.2902844941287401,1.897020152855574,2.5246929551702784,5.204599138032447,0.0,0.0,58.97153523309117,0.0,0.0,0.0,0.0,0.0,5.380062770465915,12.217873443046695,1.600519547325103,0.0,0.0,0.0,0,0,1,0,0,8.4
*Cc1ccc(CO*)s1,0.147944066515495,2.5918163053361463,0.8595659531441804,1.7739600053081757,0.0,13.530619164203545,21.88702852432582,0.0,0.0,18.637146559044247,0.0,0.0,4.877147193701299,5.106527394840706,5.266529667422525,2.29724111866969,0.0,0.3333333333333333,0,0,0,0,0,4.0
*C(=O)c1ccc(C(=S)c2ccc(*)s2)s1,0.2244251018308556,2.304522786101898,1.625803898172049,4.137552096390244,0.0,0.0,38.89690985495034,0.0,0.0,0.0,0.0,0.0,11.336785877934735,12.217873443046695,1.5129915175946924,0.0,0.0,0.0,0,0,0,0,0,6.22
*C(=O)c1ccc(-c2ccc(-c3ccc(*)s3)s2)cc1,0.2271455890156284,1.9137139086630377,2.607747799681732,4.734407446396843,0.0,0.0,54.09438803938988,0.0,0.0,0.0,0.0,0.0,5.380062770465915,0.0,1.590982510288066,0.0,0.0,0.0,0,0,1,0,0,5.1
*C(=O)c1ccc(-c2ccc(C(*)=S)s2)cc1,0.1266442217127642,2.327407285257368,1.9938573045891568,3.392735961119121,0.0,0.0,46.83880109616796,0.0,0.0,0.0,0.0,0.0,11.336785877934735,12.217873443046695,1.1781538170823886,0.0,0.0,0.0,0,0,1,0,0,5.75
*C(=O)c1ccc(-c2ccc(-c3ccc(*)s3)cc2)cc1,0.2352424490877704,1.8808761791656072,2.9771342159753806,3.822766336358286,0.0,0.0,66.2271221763131,0.0,0.0,0.0,0.0,0.0,5.380062770465915,0.0,1.5836005795407506,0.0,0.0,0.0,0,0,2,0,0,6.15
*C(=O)c1ccc(C(=S)c2ccc(*)s2)cc1,0.2359151129587637,2.286723613086444,1.9603636555352664,3.3592423120652306,0.0,0.0,52.40225258786495,0.0,0.0,0.0,0.0,0.0,0.0,12.217873443046695,1.5125056689342404,0.0,0.0,0.0,0,0,1,0,0,5.13
*C(=O)c1ccc(C(=S)c2ccc(*)cc2)cc1,0.2468157013340999,2.284394871094497,2.2453622174409213,2.716766738231953,0.0,0.0,65.22129102278387,0.0,0.0,0.0,0.0,0.0,0.0,12.217873443046695,0.0,0.0,0.0,0.0,0,0,2,0,0,4.98
*Nc1ccc(C(=O)O*)s1,0.1421296296296292,2.799121632357869,0.8071804298327694,1.685839029102792,0.0,0.0,17.00988133062452,5.001081976687867,0.0,5.106527394840706,0.0,5.969305287951849,0.0,5.106527394840706,5.910418556311414,0.0,0.0,0.0,1,0,0,0,0,6.18
*CCCCCCNC(=S)Nc1ccc(NC(=S)N*)cc1,0.082546323406091,2.249365057722588,2.612971213264188,2.961432925793525,11.050456081168516,32.60702369139466,24.26546827384644,11.374772549367124,0.0,0.0,0.0,0.0,0.0,24.43574688609339,11.012460097882975,2.478149982946035,0.0,0.4285714285714285,4,0,1,0,3,4.17
*NC(=O)NC(=O)c1ccc(C(=S)c2ccc(-c3ccc(*)s3)s2)s1,0.2444373751384796,1.7676830338094789,2.8249128872441385,6.719750684410498,11.050456081168516,0.0,51.02964399187356,4.794537184071822,0.0,0.0,0.0,5.907179729351506,17.403152946396347,12.217873443046695,3.846362131903639,0.0,0.0,0.0,2,0,0,1,0,6.31
*c1ccc(C(=S)c2ccc(C(=S)C(=O)Nc3ccc(-c4ccc(*)s4)cc3)s2)s1,0.195476906671511,1.4313930847907088,3.854150634001296,7.866839561365411,0.0,0.0,75.29511226572001,5.687386274683562,0.0,4.794537184071822,0.0,5.907179729351506,11.336785877934735,24.43574688609339,5.91978433821128,0.0,0.0,0.0,1,0,1,0,0,7.03
*OCC(=S)c1ccc(C(=S)Cc2ccc(-c3ccc(*)cc3)cc2)s1,0.0534452126550968,1.6780737472251577,3.6569203869536606,5.822145078709175,0.0,6.4208216229260096,75.9814165637157,0.0,0.0,11.527349017766715,0.0,0.0,11.336785877934735,29.542274280934095,5.363648603096087,0.5897408330500498,0.0,0.1,0,0,2,0,0,4.62
*Nc1ccc(-c2ccc(C(=S)c3ccc(-c4ccc(Nc5ccc(*)cc5)s4)s3)s2)s1,0.1771596249881812,1.309247770455373,4.343041129093873,9.537635191875063,0.0,0.0,82.55069920894194,15.689550228059296,0.0,0.0,0.0,0.0,34.01035763380421,12.217873443046695,5.980550415048799,0.0,0.0,0.0,2,0,1,0,0,6.88
*NC(=O)c1ccc(NC(=S)c2ccc(Nc3ccc(*)cc3)cc2)s1,0.0182593865849844,1.6372113053590844,3.2205163986313914,4.557730142811495,5.733667477162185,0.0,71.1042693700144,16.37585452605499,0.0,0.0,0.0,5.907179729351506,0.0,12.217873443046695,7.483398241986355,0.0,0.0,0.0,3,0,2,0,0,6.07
*CCC(=O)OC(=O)Cc1ccc(-c2ccc(*)cc2)cc1,0.1451225644578819,1.982649265640474,2.785759377707026,2.785759377707026,0.0,19.765380445542643,54.09438803938988,0.0,0.0,20.7467589448697,0.0,12.39012691087786,0.0,4.736862953800049,0.0,0.9323811982238972,0.0,0.1764705882352941,0,0,2,0,0,3.47
*Nc1ccc(NC(=O)NONC(*)=O)s1,0.1041758110115793,2.306305915005437,1.0791532648236293,1.8932072700429512,10.960193196242404,0.0,12.13273413692322,19.591238321519377,0.0,4.938314213673218,0.0,6.410095306116121,6.06636706846161,0.0,4.336673044217687,0.0,0.0,0.0,4,0,0,0,0,6.1
*C(=S)C(=O)CCNc1ccc(C(=S)c2ccc(*)cc2)cc1,0.1344251653829578,1.9612084667478944,2.9225327554064315,3.621608176828203,0.0,6.4208216229260096,59.65783953108687,5.687386274683562,0.0,4.794537184071822,0.0,5.783244946364939,0.0,24.43574688609339,3.946291066722094,0.6248894388640059,0.0,0.1176470588235294,1,0,2,0,0,6.47
*c1ccc(-c2ccc(C(F)(F)C(*)(F)F)s2)s1,0.0940245890022675,2.3691887558465887,1.867287394324976,4.014610203222629,0.0,12.347973912953767,29.142615467547746,17.56166019069928,0.0,5.922529168094576,0.0,0.0,11.336785877934735,0.0,1.310986040249433,0.0,0.0,0.2,0,0,0,0,0,4.36
*OC(=O)C(F)(F)C(*)(F)F,1.048587962962963,4.590778800906395,0.4937136836875072,0.4937136836875072,0.0,12.347973912953767,0.0,17.56166019069928,0.0,9.901064578912528,0.0,0.0,0.0,0.0,3.762569444444445,0.0,0.0,0.6666666666666666,0,0,0,0,0,3.31
*c1ccc(C(F)(F)C(=O)C(*)(F)F)s1,0.2382454648526075,3.07871694100718,1.2379086594907789,2.1042039420562264,0.0,12.347973912953767,17.00988133062452,17.56166019069928,0.0,10.717066352166398,0.0,0.0,0.0,0.0,0.8091992630385489,0.0,0.0,0.2857142857142857,0,0,0,0,0,4.05
*c1ccc(C(F)(F)C(=O)C(*)(F)F)cc1,0.1173154840639958,3.1123781837215967,1.5376055931011714,1.5376055931011714,0.0,12.347973912953767,29.82891976554344,17.56166019069928,0.0,10.717066352166398,0.0,0.0,0.0,0.0,0.0,0.0,0.0,0.2222222222222222,0,0,1,0,0,3.57
*OC(F)(F)OC(*)(F)F,1.0829166666666667,3.887594744367081,0.1959700166287586,0.1959700166287586,0.0,12.906154937714495,0.0,17.56166019069928,0.0,9.843390348640757,0.0,0.0,0.0,0.0,3.568125,-3.599375,0.0,1.0,0,0,0,0,0,3.8
