smiles,SlogP_VSA10,SlogP_VSA3,SlogP_VSA4,SlogP_VSA5,SlogP_VSA7,VSA_EState1,VSA_EState10,VSA_EState8,FractionCSP3,NOCount,NumAliphaticHeterocycles,NumAliphaticRings,NumHDonors,NumRotatableBonds,NumSaturatedHeterocycles,NumSaturatedRings,fr_C_O_noCOO,fr_C_S,fr_imide,fr_ketone,fr_oxazole,fr_thiophene,value
*CC(*)C,0.0,0.0,0.0,6.923737199690624,13.344558822616634,1.525462962962963,0.0,4.0625,1.0,0,0,0,0,1,0,0,0,0,0,0,0,0,6.185
*CC(*)F,4.39041504767482,0.0,0.0,0.0,6.923737199690624,12.087962962962964,0.0,0.7453703703703702,1.0,0,0,0,0,1,0,0,0,0,0,0,0,0,7.6332
*CC(*)(F)F,8.78083009534964,0.0,0.0,0.0,6.923737199690624,22.54861111111111,0.0,0.2986111111111111,1.0,0,0,0,0,1,0,0,0,0,0,0,0,0,8.1531
*C(F)C(*)(F)F,13.17124514302446,0.0,0.0,0.0,0.0,33.0625,0.0,-1.6736111111111118,1.0,0,0,0,0,1,0,0,0,0,0,0,0,0,8.5986
*CCC(F)(F)C(*)(F)F,17.56166019069928,0.0,0.0,6.4208216229260096,6.923737199690624,46.99173611111111,0.0,0.3559027777777777,1.0,0,0,0,0,3,0,0,0,0,0,0,0,0,9.0178
*CO*,0.0,5.106527394840706,0.0,0.0,0.0,0.9166666666666666,0.0,0.0,1.0,1,0,0,0,1,0,0,0,0,0,0,0,0,7.5826
*CCO*,0.0,5.106527394840706,0.0,0.0,6.923737199690624,0.9513888888888888,0.0,2.545138888888889,1.0,1,0,0,0,2,0,0,0,0,0,0,0,0,7.0344
*CC(O*)C(F)(F)F,13.17124514302446,5.106527394840706,0.0,0.0,6.923737199690624,34.30439814814815,0.0,0.2847222222222223,1.0,1,0,0,0,2,0,0,0,0,0,0,0,0,7.9431
*CCCO*,0.0,5.106527394840706,0.0,6.4208216229260096,6.923737199690624,0.9563888888888888,0.0,2.606805555555556,1.0,1,0,0,0,3,0,0,0,0,0,0,0,0,6.904
*Oc1ccc(Cc2ccc(*)cc2)cc1,0.0,6.4208216229260096,0.0,11.126902983393991,0.0,0.3552665908726513,0.0,0.0,0.0769230769230769,1,0,0,0,3,0,0,0,0,0,0,0,0,6.1428
*CCCCCOCO*,0.0,9.843390348640757,0.0,19.26246486877803,6.923737199690624,5.959772770219199,0.0,3.0166242283950613,1.0,2,0,0,0,7,0,0,0,0,0,0,0,0,6.9158
*CCOC(=O)NCCOCCOCCNC(=O)O*,9.589074368143644,19.31711625624085,0.0,0.0,6.923737199690624,15.320987853551191,0.0,4.164068293044167,0.8,8,0,0,2,11,0,0,2,0,0,0,0,0,7.1012
*c1ccc(-c2nc3cc4nc(*)oc4cc3o2)cc1,0.0,0.0,0.0,0.0,0.0,11.710149873208136,0.0,0.0,0.0,4,0,0,0,1,0,0,0,0,0,0,2,0,5.6689
*CCCCCS*,0.0,0.0,0.0,19.26246486877803,6.923737199690624,1.398066893424036,2.2224697656840515,1.625944822373394,1.0,0,0,0,0,5,0,0,0,0,0,0,0,0,5.7733
*Sc1ccc(*)cc1,0.0,0.0,0.0,0.0,0.0,0.9303703703703704,2.055277777777777,0.0,0.0,0,0,0,0,1,0,0,0,0,0,0,0,0,6.1739
*CCOC(=O)CCCCC(=O)O*,0.0,19.432464716784395,0.0,25.68328649170404,6.923737199690624,5.025250094221956,0.0,1.7025260071251234,0.75,4,0,0,0,7,0,0,2,0,0,0,0,0,7.8277
*CCOC(=O)CCCCCCC(=O)O*,0.0,19.432464716784395,0.0,38.524929737556064,6.923737199690624,5.132032968159827,0.0,1.7549680687093274,0.8,4,0,0,0,9,0,0,2,0,0,0,0,0,7.7636
*CCOC(=O)c1ccc(C(=O)O*)cc1,0.0,9.843390348640757,0.0,20.715977351537635,6.923737199690624,4.928380264499943,0.0,1.563473427760044,0.2,4,0,0,0,4,0,0,2,0,0,0,0,0,7.1539
*CCCCOC(=O)c1ccc(C(=O)O*)cc1,0.0,9.843390348640757,0.0,33.55762059738965,6.923737199690624,5.221864097645087,0.0,1.8305235195015208,0.3333333333333333,4,0,0,0,6,0,0,2,0,0,0,0,0,7.6583
*CC(=O)O*,0.0,9.901064578912528,0.0,0.0,6.923737199690624,0.1643518518518519,0.0,0.7812499999999999,0.5,2,0,0,0,1,0,0,1,0,0,0,0,0,8.2018
*CCCCCC(=O)O*,0.0,9.901064578912528,0.0,25.68328649170404,6.923737199690624,0.4506580687830688,0.0,1.4751216458805745,0.8333333333333334,2,0,0,0,5,0,0,1,0,0,0,0,0,7.458
*CCC(=O)O*,0.0,9.901064578912528,0.0,6.4208216229260096,6.923737199690624,0.3124537037037038,0.0,1.1577314814814814,0.6666666666666666,2,0,0,0,2,0,0,1,0,0,0,0,0,7.7853
*Oc1ccc(CC(*)=O)cc1,0.0,11.21535880699783,0.0,5.563451491696996,0.0,-0.1360664682539683,0.0,0.0,0.125,2,0,0,0,3,0,0,1,0,0,0,0,0,6.3961
*Cc1ccc(C(=O)O*)cc1,0.0,12.03026459453133,0.0,15.921440167465814,0.0,0.1582752267573695,0.0,1.25317720143613,0.125,2,0,0,0,2,0,0,1,0,0,0,0,0,7.179
*CCC(=O)N*,0.0,4.794537184071822,0.0,6.4208216229260096,6.923737199690624,0.6024537037037038,0.0,1.2202314814814814,0.6666666666666666,2,0,0,1,2,0,0,1,0,0,0,0,0,6.8452
*CCCCCCC(=O)N*,0.0,4.794537184071822,0.0,32.10410811463005,6.923737199690624,0.7276898305618543,0.0,1.526208978961955,0.8571428571428571,2,0,0,1,6,0,0,1,0,0,0,0,0,6.5849
*CC(=O)N*,0.0,4.794537184071822,0.0,0.0,6.923737199690624,0.4768518518518518,0.0,0.8923611111111109,0.5,2,0,0,1,1,0,0,1,0,0,0,0,0,7.2525
*Nc1cccc(C(*)=O)c1,5.687386274683562,0.0,0.0,10.357988675768818,0.0,0.0219954648526077,0.0,0.0,0.0,2,0,0,1,2,0,0,1,0,0,0,0,0,6.1179
*Cc1ccc(C(=O)N*)cc1,0.0,6.923737199690624,0.0,15.921440167465814,0.0,0.4239002267573695,0.0,1.273585364701436,0.125,2,0,0,1,2,0,0,1,0,0,0,0,0,6.8713
*CCCCCOC(=O)Nc1ccc(C)c(NC(=O)O*)c1,20.963846917510768,9.843390348640757,6.923737199690624,24.825916360475023,6.923737199690624,5.196792748719329,0.0,3.7163956065207246,0.4285714285714285,6,0,0,2,7,0,0,2,0,0,0,0,0,5.1674
*OC(=O)c1ccc(C(*)=O)cc1,0.0,5.106527394840706,0.0,20.715977351537635,0.0,-0.6267363473167045,0.0,0.0,0.0,3,0,0,0,2,0,0,2,0,0,0,0,0,7.8184
*CCCCCOC(=O)O*,4.794537184071822,9.843390348640757,0.0,19.26246486877803,6.923737199690624,5.059020455404384,0.0,2.00164879377677,0.8333333333333334,3,0,0,0,5,0,0,1,0,0,0,0,0,7.4318
*Oc1ccc(OC(*)=O)cc1,4.794537184071822,0.0,0.0,0.0,0.0,4.551637613378686,0.0,-0.0536649659863943,0.0,3,0,0,0,2,0,0,1,0,0,0,0,0,6.5915
*CCCN*,0.0,0.0,0.0,6.4208216229260096,6.923737199690624,1.2463888888888888,0.0,2.919305555555556,1.0,1,0,0,1,3,0,0,0,0,0,0,0,0,5.8246
*Oc1ccc(C(=O)c2ccc(*)cc2)cc1,0.0,0.0,0.0,15.921440167465814,0.0,0.1310366211069673,0.0,0.0,0.0,2,0,0,0,3,0,0,1,0,0,1,0,0,6.383
*c1ccc(*)cc1,0.0,0.0,0.0,0.0,0.0,0.9188888888888888,0.0,0.0,0.0,0,0,0,0,0,0,0,0,0,0,0,0,0,5.0935
*CCc1ccc(-c2ccc(*)cc2)cc1,0.0,6.4208216229260096,0.0,5.563451491696996,6.923737199690624,0.9194960287961732,0.0,1.4704453770335806,0.1428571428571428,0,0,0,0,3,0,0,0,0,0,0,0,0,5.6867
*OC1C(CO)OC(*)C(O)C1O,0.0,9.843390348640757,0.0,0.0,0.0,4.869675925925927,0.0,-0.3592129629629632,1.0,5,1,1,3,2,1,1,0,0,0,0,0,0,6.8689
*Cc1ccc(CO*)cc1,0.0,18.637146559044247,0.0,11.126902983393991,0.0,0.6489451058201058,0.0,2.2138669217687075,0.25,1,0,0,0,3,0,0,0,0,0,0,0,0,6.5689
*CCOCCOC(=O)O*,4.794537184071822,14.580253302440804,0.0,0.0,6.923737199690624,9.896030092592593,0.0,2.884131550768456,0.8,4,0,0,0,5,0,0,1,0,0,0,0,0,7.5966
*CCC(O*)(C(F)(F)F)C(F)(F)F,26.34249028604892,5.106527394840706,0.0,6.4208216229260096,6.923737199690624,71.78979166666669,0.0,0.0190277777777778,1.0,1,0,0,0,3,0,0,0,0,0,0,0,0,8.3643
*c1ccc(*)s1,0.0,0.0,0.0,0.0,0.0,1.0509259259259258,2.0648148148148144,0.0,0.0,0,0,0,0,0,0,0,0,0,0,0,0,1,4.5257
*Oc1ccc(-c2ccc(C(*)=O)cc2)cc1,0.0,0.0,0.0,10.357988675768818,0.0,-0.2737829178197146,0.0,0.0,0.0,2,0,0,0,3,0,0,1,0,0,0,0,0,6.2671
*Nc1ccc(*)cc1,5.687386274683562,0.0,0.0,0.0,0.0,0.7451851851851852,0.0,0.0,0.0,1,0,0,1,1,0,0,0,0,0,0,0,0,4.9916
*c1cccc(*)n1,0.0,0.0,0.0,0.0,0.0,0.7116666666666667,0.0,0.0,0.0,1,0,0,0,0,0,0,0,0,0,0,0,0,6.0452
*CC(CC(CC(CC(*)c1ccccc1)c1ccccc1)c1ccccc1)c1ccccc1,0.0,0.0,0.0,65.6908105969762,6.923737199690624,0.5664924958268073,0.0,1.4327511162612172,0.25,0,0,0,0,11,0,0,0,0,0,0,0,0,3.5577
*c1ccc(-c2ccc(*)s2)s1,0.0,0.0,0.0,0.0,0.0,0.8277135298563869,4.006944444444444,0.0,0.0,0,0,0,0,1,0,0,0,0,0,0,0,2,4.5257
*c1ccc2oc(-c3ccc4nc(*)oc4c3)nc2c1,0.0,0.0,0.0,0.0,0.0,11.681526760510344,0.0,0.0,0.0,4,0,0,0,1,0,0,0,0,0,0,2,0,5.6338
*Cc1ccc(C*)cc1,0.0,13.847474399381248,0.0,11.126902983393991,0.0,1.1344066515495088,0.0,2.8265192743764174,0.25,0,0,0,0,2,0,0,0,0,0,0,0,0,6.2134
*CCCOC(=O)CCCCCCCCOC(=O)CCCOC(=O)CCCCCCCCOC(*)=O,4.794537184071822,33.33106336741566,0.0,109.1539675897422,6.923737199690624,20.69836316562232,0.0,3.1212828905609227,0.8461538461538461,8,0,0,0,25,0,0,4,0,0,0,0,0,7.4162
*CC(CC(CC(*)c1ccccn1)c1ccccn1)c1ccccn1,0.0,0.0,0.0,48.18006094564619,6.923737199690624,0.5058502386262126,0.0,1.352069712144117,0.2857142857142857,3,0,0,0,8,0,0,0,0,0,0,0,0,6.2005
*C(=S)c1ccc(-c2ccc(-c3ccc(*)s3)s2)s1,0.0,0.0,0.0,4.877147193701299,0.0,0.4995114474470534,11.075469791451932,0.0,0.0,0,0,0,0,3,0,0,0,1,0,0,0,3,5.4248
*Oc1ccc(-c2ccc(-c3ccc(*)s3)s2)s1,0.0,0.0,0.0,0.0,0.0,0.34084141377702,5.625147497270513,0.0,0.0,1,0,0,0,3,0,0,0,0,0,0,0,3,4.7769
*C(=S)Oc1ccc(-c2ccc(*)s2)s1,0.0,0.0,0.0,0.0,0.0,5.879529819643906,8.633686565675653,0.0,0.0,1,0,0,0,2,0,0,0,1,0,0,0,2,5.7571
*Oc1ccc(C(=S)c2ccc(*)s2)s1,0.0,0.0,0.0,9.7542943874026,0.0,0.2957911050222559,9.005204317838245,0.0,0.0,1,0,0,0,3,0,0,0,1,0,0,0,2,6.0778
*C(=S)OC(=S)c1ccc(*)s1,0.0,4.736862953800049,0.0,4.877147193701299,0.0,5.561130952380953,11.729644746787605,0.0,0.0,1,0,0,0,1,0,0,0,2,0,0,0,1,6.3892
*Oc1ccc(Oc2ccc(*)s2)s1,0.0,0.0,0.0,0.0,0.0,6.006509170026035,3.351893660241874,0.0,0.0,2,0,0,0,3,0,0,0,0,0,0,0,2,5.0541
*OC(=S)Oc1ccc(*)s1,0.0,5.106527394840706,0.0,0.0,0.0,5.38248866213152,6.472245842781557,0.0,0.0,2,0,0,0,1,0,0,0,1,0,0,0,1,6.1007
*c1ccc(-c2ccc(-c3ccc(-c4ccc(*)s4)s3)s2)cc1,0.0,0.0,0.0,0.0,0.0,0.6426557212644042,5.810837279739557,0.0,0.0,0,0,0,0,3,0,0,0,0,0,0,0,3,4.7302
*Oc1ccc(-c2ccc(-c3ccc(*)cc3)s2)s1,0.0,0.0,0.0,0.0,0.0,0.3080820583003123,3.6220694234483912,0.0,0.0,1,0,0,0,3,0,0,0,0,0,0,0,2,5.6406
*c1ccc(-c2ccc(-c3ccc(-c4ccc(*)s4)cc3)s2)cc1,0.0,0.0,0.0,0.0,0.0,0.6294132263691177,3.8475657449951903,0.0,0.0,0,0,0,0,3,0,0,0,0,0,0,0,2,5.1637
*C(=S)c1ccc(-c2ccc(-c3ccc(*)cc3)s2)cc1,0.0,0.0,0.0,5.563451491696996,0.0,0.4461178528921549,7.18169059872589,0.0,0.0,0,0,0,0,3,0,0,0,1,0,0,0,1,5.6674
*Oc1ccc(-c2ccc(-c3ccc(*)cc3)s2)cc1,0.0,0.0,0.0,0.0,0.0,0.286838131799247,1.8536066232048367,0.0,0.0,1,0,0,0,3,0,0,0,0,0,0,0,1,5.1678
*c1ccc(-c2ccc(C(=S)c3ccc(*)s3)s2)cc1,0.0,0.0,0.0,9.7542943874026,0.0,0.6025379811653259,9.3358914720107,0.0,0.0,0,0,0,0,3,0,0,0,1,0,0,0,2,5.7103
*c1ccc(-c2ccc(Oc3ccc(*)s3)s2)cc1,0.0,0.0,0.0,0.0,0.0,6.521749868080586,3.51460808828684,0.0,0.0,1,0,0,0,3,0,0,0,0,0,0,0,2,4.9968
*C(=S)Oc1ccc(-c2ccc(*)cc2)s1,0.0,0.0,0.0,0.0,0.0,5.853161656114848,6.695273219378558,0.0,0.0,1,0,0,0,2,0,0,0,1,0,0,0,1,5.9399
*Oc1ccc(-c2ccc(-c3ccc(*)cc3)cc2)s1,0.0,0.0,0.0,0.0,0.0,0.2922753652708421,1.738140779140959,0.0,0.0,1,0,0,0,3,0,0,0,0,0,0,0,1,5.1012
*c1ccc(-c2ccc(-c3ccc(-c4ccc(*)s4)cc3)cc2)cc1,0.0,0.0,0.0,0.0,0.0,0.6185167962658006,1.9585924241492976,0.0,0.0,0,0,0,0,3,0,0,0,0,0,0,0,1,5.1853
*C(=S)c1ccc(-c2ccc(-c3ccc(*)cc3)cc2)cc1,0.0,0.0,0.0,5.563451491696996,0.0,0.4329434467166176,5.317916203776039,0.0,0.0,0,0,0,0,3,0,0,0,1,0,0,0,0,5.6338
*Oc1ccc(-c2ccc(-c3ccc(*)cc3)cc2)cc1,0.0,0.0,0.0,0.0,0.0,0.2734045200348339,0.0,0.0,0.0,1,0,0,0,3,0,0,0,0,0,0,0,0,5.5837
*OC(=S)c1ccc(-c2ccc(*)cc2)cc1,0.0,5.106527394840706,0.0,5.563451491696996,0.0,0.1940766838313736,5.14738678702784,0.0,0.0,1,0,0,0,2,0,0,0,1,0,0,0,0,5.9851
*C(=S)c1ccc(C(=S)c2ccc(*)cc2)s1,0.0,0.0,0.0,15.317745879099594,0.0,0.4275307247299491,12.56422659239443,0.0,0.0,0,0,0,0,3,0,0,0,2,0,0,0,1,6.2119
*Oc1ccc(C(=S)c2ccc(*)cc2)s1,0.0,0.0,0.0,10.440598685398296,0.0,0.2691989218526919,7.141932397959183,0.0,0.0,1,0,0,0,3,0,0,0,1,0,0,0,1,5.8629
*C(=S)c1ccc(C(=S)c2ccc(*)cc2)cc1,0.0,0.0,0.0,16.690354475090988,0.0,0.4098171989946879,10.80646709224451,0.0,0.0,0,0,0,0,3,0,0,0,2,0,0,0,0,5.6051
*Oc1ccc(C(=S)c2ccc(*)cc2)cc1,0.0,0.0,0.0,11.126902983393991,0.0,0.2511471653246542,5.505045351473923,0.0,0.0,1,0,0,0,3,0,0,0,1,0,0,0,0,5.7685
*C(=S)OC(=S)c1ccc(*)cc1,0.0,4.736862953800049,0.0,5.563451491696996,0.0,5.54017342739565,10.001991160661795,0.0,0.0,1,0,0,0,1,0,0,0,2,0,0,0,0,6.5598
*Oc1ccc(Oc2ccc(*)cc2)s1,0.0,0.0,0.0,0.0,0.0,5.986098014823213,1.5655888605442174,0.0,0.0,2,0,0,0,3,0,0,0,0,0,0,0,1,5.9034
*c1ccc(OC(=S)c2ccc(*)s2)cc1,0.0,0.0,0.0,4.877147193701299,0.0,6.230232531284118,7.055794726841353,0.0,0.0,1,0,0,0,2,0,0,0,1,0,0,0,1,5.9615
*OC(=S)Oc1ccc(*)cc1,0.0,5.106527394840706,0.0,0.0,0.0,5.35822869425548,4.803779289493575,0.0,0.0,2,0,0,0,1,0,0,0,1,0,0,0,0,6.6287
*Cc1ccc(-c2ccc(-c3ccc(*)s3)s2)s1,0.0,6.923737199690624,0.0,4.877147193701299,0.0,0.8573703393968544,5.927616633072981,1.3902271493103924,0.0769230769230769,0,0,0,0,3,0,0,0,0,0,0,0,3,5.1385
*Cc1ccc(-c2ccc(C(*)=S)s2)s1,0.0,6.923737199690624,0.0,9.7542943874026,0.0,0.6963686276979927,9.11938266355925,1.3824735187284791,0.1,0,0,0,0,3,0,0,0,1,0,0,0,2,5.7652
*Cc1ccc(-c2ccc(O*)s2)s1,0.0,6.923737199690624,0.0,4.877147193701299,0.0,0.5383645124716552,3.728458049886621,1.380576656588561,0.1111111111111111,1,0,0,0,3,0,0,0,0,0,0,0,2,5.2494
*Cc1ccc(-c2ccc(-c3ccc(*)s3)cc2)s1,0.0,6.923737199690624,0.0,4.877147193701299,0.0,0.8356660069394556,3.9390832919485512,1.379188933544543,0.0666666666666666,0,0,0,0,3,0,0,0,0,0,0,0,2,5.2326
*Cc1ccc(-c2ccc(C(*)=S)cc2)s1,0.0,6.923737199690624,0.0,10.440598685398296,0.0,0.6637724312891159,7.212391799835432,1.372893019862266,0.0833333333333333,0,0,0,0,3,0,0,0,1,0,0,0,1,5.6896
*Cc1ccc(-c2ccc(O*)cc2)s1,0.0,6.923737199690624,0.0,4.877147193701299,0.0,0.5054406284118583,1.9367387093726376,1.3719259416729654,0.0909090909090909,1,0,0,0,3,0,0,0,0,0,0,0,1,5.4992
*Cc1ccc(Cc2ccc(*)s2)s1,0.0,13.344558822616634,0.0,14.631441581103898,0.0,0.9602746021248004,4.059376653439154,1.4231938145628622,0.2,0,0,0,0,3,0,0,0,0,0,0,0,2,5.797
*Cc1ccc(CC(*)=S)s1,0.0,13.344558822616634,0.0,9.7542943874026,0.0,0.8604960317460317,7.132643613000755,1.4104308390022675,0.2857142857142857,0,0,0,0,3,0,0,0,1,0,0,0,1,5.8858
*Cc1ccc(C(=O)c2ccc(*)s2)s1,0.0,6.923737199690624,0.0,19.42597876517572,0.0,0.6598626595700009,3.376506283068782,1.2637493701184177,0.1,1,0,0,0,3,0,0,1,0,0,1,0,2,6.3555
*Cc1ccc(C(=O)C(*)=S)s1,0.0,6.923737199690624,0.0,14.54883157147442,0.0,0.3398989040060468,6.564356575963718,1.250986394557823,0.1428571428571428,1,0,0,0,3,0,0,1,1,0,1,0,1,6.4325
*Cc1ccc(C(=O)O*)s1,0.0,12.03026459453133,0.0,14.54883157147442,0.0,0.1821135676492816,1.5935185185185183,1.244278155706727,0.1666666666666666,2,0,0,0,2,0,0,1,0,0,0,0,1,6.8862
*Cc1ccc(C(=S)c2ccc(*)s2)s1,0.0,6.923737199690624,0.0,14.631441581103898,0.0,0.8204824630469472,9.323798422146636,1.3563419627110105,0.1,0,0,0,0,3,0,0,0,1,0,0,0,2,5.9541
*Cc1ccc(C(=S)O*)s1,0.0,12.03026459453133,0.0,9.7542943874026,0.0,0.4584741118669689,6.8559495464852604,1.3368707482993196,0.1666666666666666,1,0,0,0,2,0,0,0,1,0,0,0,1,6.4155
*Cc1ccc(Nc2ccc(*)s2)s1,10.002163953375732,6.923737199690624,0.0,4.877147193701299,0.0,0.8924968243470227,3.8371544312169306,1.3831938145628622,0.1111111111111111,1,0,0,1,3,0,0,0,0,0,0,0,2,5.2507
*Cc1ccc(NC(*)=S)s1,5.001081976687867,6.923737199690624,0.0,4.877147193701299,0.0,0.721607142857143,6.9104213907785335,1.3704308390022677,0.1666666666666666,1,0,0,1,2,0,0,0,1,0,0,0,1,5.7769
*Cc1ccc(NO*)s1,5.001081976687867,12.130990224467917,0.0,4.877147193701299,0.0,0.5638218065003779,1.8238425925925923,1.3637226001511715,0.2,2,0,0,1,3,0,0,0,0,0,0,0,1,5.1816
*Cc1ccc(Oc2ccc(*)s2)s1,0.0,6.923737199690624,0.0,4.877147193701299,0.0,6.611200528050727,3.614932208994708,1.343193814562862,0.1111111111111111,1,0,0,0,3,0,0,0,0,0,0,0,2,5.8606
*Cc1ccc(OC(*)=S)s1,0.0,6.923737199690624,0.0,4.877147193701299,0.0,5.96827380952381,6.688199168556311,1.3304308390022674,0.1666666666666666,1,0,0,0,2,0,0,0,1,0,0,0,1,6.155
*Cc1ccc(-c2ccc(-c3ccc(*)s3)s2)cc1,0.0,6.923737199690624,0.0,5.563451491696996,0.0,0.8309546204590397,3.90490531365847,1.3585740903850572,0.0666666666666666,0,0,0,0,3,0,0,0,0,0,0,0,2,5.1679
*Cc1ccc(-c2ccc(-c3ccc(*)cc3)s2)cc1,0.0,6.923737199690624,0.0,5.563451491696996,0.0,0.7986724513258743,1.8944229497354492,1.3524815530337786,0.0588235294117647,0,0,0,0,3,0,0,0,0,0,0,0,1,5.3092
*Cc1ccc(-c2ccc(C(*)=S)s2)cc1,0.0,6.923737199690624,0.0,10.440598685398296,0.0,0.663772431289116,7.139117727860963,1.3522781767027798,0.0833333333333333,0,0,0,0,3,0,0,0,1,0,0,0,1,5.8475
*Cc1ccc(-c2ccc(-c3ccc(*)s3)cc2)cc1,0.0,6.923737199690624,0.0,5.563451491696996,0.0,0.8127510439830066,1.9654900292174824,1.3501103807356585,0.0588235294117647,0,0,0,0,3,0,0,0,0,0,0,0,1,5.3793
*Cc1ccc(-c2ccc(-c3ccc(*)cc3)cc2)cc1,0.0,6.923737199690624,0.0,5.563451491696996,0.0,0.7836086016674875,0.0,1.3450244026851448,0.0526315789473684,0,0,0,0,3,0,0,0,0,0,0,0,0,5.528
*Cc1ccc(-c2ccc(C(*)=S)cc2)cc1,0.0,6.923737199690624,0.0,11.126902983393991,0.0,0.6362645263186388,5.272884185252512,1.3448943781420333,0.0714285714285714,0,0,0,0,3,0,0,0,1,0,0,0,0,5.6651
*Cc1ccc(Cc2ccc(*)s2)cc1,0.0,13.344558822616634,0.0,16.00405017709529,0.0,0.9191339128243888,2.015981093054505,1.3834029090031077,0.1666666666666666,0,0,0,0,3,0,0,0,0,0,0,0,1,5.5737
*Cc1ccc(Cc2ccc(*)cc2)cc1,0.0,13.344558822616634,0.0,16.690354475090988,0.0,0.8717955164924862,0.0,1.3741490807372845,0.1428571428571428,0,0,0,0,3,0,0,0,0,0,0,0,0,6.2368
*Cc1ccc(CC(*)=S)cc1,0.0,13.344558822616634,0.0,11.126902983393991,0.0,0.8067061654908876,5.162221933526497,1.3736125283446712,0.2222222222222222,0,0,0,0,3,0,0,0,1,0,0,0,0,5.9697
*Cc1ccc(C(=O)c2ccc(*)s2)cc1,0.0,6.923737199690624,0.0,20.798587361167115,0.0,0.648649218946838,1.6745459078693203,1.266528381414294,0.0833333333333333,1,0,0,0,3,0,0,1,0,0,1,0,1,6.578
*Cc1ccc(C(=O)c2ccc(*)cc2)cc1,0.0,6.923737199690624,0.0,21.48489165916281,0.0,0.647565546726802,0.0,1.2572745531484708,0.0714285714285714,1,0,0,0,3,0,0,1,0,0,1,0,0,6.6326
*Cc1ccc(C(=O)C(*)=S)cc1,0.0,6.923737199690624,0.0,15.921440167465814,0.0,0.3160362864281515,4.935370081674645,1.256738000755858,0.1111111111111111,1,0,0,0,3,0,0,1,1,0,1,0,0,6.2998
*Cc1ccc(C(=S)c2ccc(*)s2)cc1,0.0,6.923737199690624,0.0,16.00405017709529,0.0,0.7933251448727638,7.416587669018224,1.3345555922986478,0.0833333333333333,0,0,0,0,3,0,0,0,1,0,0,0,1,5.8109
*Cc1ccc(C(=S)c2ccc(*)cc2)cc1,0.0,6.923737199690624,0.0,16.690354475090988,0.0,0.7676760909444892,5.545861678004536,1.3253017640328246,0.0714285714285714,0,0,0,0,3,0,0,0,1,0,0,0,0,5.6687
*Cc1ccc(C(=S)O*)cc1,0.0,12.03026459453133,0.0,11.126902983393991,0.0,0.4186918934240363,5.057180650037793,1.3212044123204838,0.125,1,0,0,0,2,0,0,0,1,0,0,0,0,6.2737
*Cc1ccc(Nc2ccc(*)s2)cc1,10.688468251371429,6.923737199690624,0.0,5.563451491696996,0.0,0.858725749559083,1.9048699819433943,1.3556251312253296,0.0909090909090909,1,0,0,1,3,0,0,0,0,0,0,0,1,5.4067
*Cc1ccc(Nc2ccc(*)cc2)cc1,11.374772549367124,6.923737199690624,0.0,5.563451491696996,0.0,0.8236095754494022,0.0,1.3463713029595064,0.0769230769230769,1,0,0,1,3,0,0,0,0,0,0,0,0,5.3392
*Cc1ccc(NC(*)=S)cc1,5.687386274683562,6.923737199690624,0.0,5.563451491696996,0.0,0.6751868911144705,5.051110822415385,1.3458347505668935,0.125,1,0,0,1,2,0,0,0,1,0,0,0,0,5.8355
*Cc1ccc(NO*)cc1,5.687386274683562,12.130990224467917,0.0,5.563451491696996,0.0,0.5174258314436886,0.0,1.3422739512471655,0.1428571428571428,2,0,0,1,3,0,0,0,0,0,0,0,0,5.6115
*Cc1ccc(Oc2ccc(*)s2)cc1,0.0,6.923737199690624,0.0,5.563451491696996,0.0,6.575912068531116,1.7937588708322834,1.327847353447552,0.0909090909090909,1,0,0,0,3,0,0,0,0,0,0,0,1,5.631
*Cc1ccc(OC(*)=S)cc1,0.0,6.923737199690624,0.0,5.563451491696996,0.0,5.920336173049466,4.939999711304274,1.3180569727891156,0.125,1,0,0,0,2,0,0,0,1,0,0,0,0,6.2998
*CCc1ccc(-c2ccc(*)s2)s1,0.0,6.4208216229260096,0.0,4.877147193701299,6.923737199690624,0.995192166372722,4.011490221088435,1.5018512219702695,0.2,0,0,0,0,3,0,0,0,0,0,0,0,2,5.1709
*CCc1ccc(C(*)=S)s1,0.0,6.4208216229260096,0.0,9.7542943874026,6.923737199690624,0.8604960317460316,7.123523242630385,1.489088246409675,0.2857142857142857,0,0,0,0,3,0,0,0,1,0,0,0,1,5.9475
*CCc1ccc(O*)s1,0.0,6.4208216229260096,0.0,4.877147193701299,6.923737199690624,0.7027106953892669,1.8377314814814811,1.482380007558579,0.3333333333333333,1,0,0,0,3,0,0,0,0,0,0,0,1,5.5608
*CCc1ccc(-c2ccc(*)s2)cc1,0.0,6.4208216229260096,0.0,5.563451491696996,6.923737199690624,0.95973460989334,1.9835028239690933,1.4796992052994038,0.1666666666666666,0,0,0,0,3,0,0,0,0,0,0,0,1,5.4079
*CCc1ccc(C(*)=S)cc1,0.0,6.4208216229260096,0.0,11.126902983393991,6.923737199690624,0.8067061654908877,5.193401071848492,1.4699088246409675,0.2222222222222222,0,0,0,0,3,0,0,0,1,0,0,0,0,5.8549
*CCc1ccc(O*)cc1,0.0,6.4208216229260096,0.0,5.563451491696996,6.923737199690624,0.6489451058201058,0.0,1.4663480253212395,0.25,1,0,0,0,3,0,0,0,0,0,0,0,0,5.6727
*CCCc1ccc(*)s1,0.0,6.4208216229260096,0.0,11.297968816627307,6.923737199690624,1.157958238851096,2.0665740740740737,1.5729355631141346,0.4285714285714285,0,0,0,0,3,0,0,0,0,0,0,0,1,5.6976
*CCCc1ccc(*)cc1,0.0,6.4208216229260096,0.0,11.984273114623004,6.923737199690624,1.0822782029478455,0.0,1.5512166950113375,0.3333333333333333,0,0,0,0,3,0,0,0,0,0,0,0,0,5.9933
*CCCC(*)=O,0.0,4.794537184071822,0.0,12.84164324585202,6.923737199690624,0.6547222222222222,0.0,1.4145833333333333,0.75,1,0,0,0,3,0,0,1,0,0,0,0,0,6.6298
*CCCC(*)=S,0.0,0.0,0.0,12.84164324585202,6.923737199690624,1.1176851851851852,4.999861111111111,1.5479166666666666,0.75,0,0,0,0,3,0,0,0,1,0,0,0,0,5.7881
*CCC(=O)c1ccc(*)s1,0.0,0.0,0.0,16.09250600069913,6.923737199690624,0.734208238851096,1.7251388888888888,1.210667044595616,0.2857142857142857,1,0,0,0,3,0,0,1,0,0,1,0,1,6.6564
*CCC(=O)c1ccc(*)cc1,0.0,0.0,0.0,16.778810298694825,6.923737199690624,0.7047829270597128,0.0,1.1889481764928194,0.2222222222222222,1,0,0,0,3,0,0,1,0,0,1,0,0,6.8635
*CCC(=O)C(*)=S,0.0,4.794537184071822,0.0,6.4208216229260096,6.923737199690624,0.4737500000000001,4.77300925925926,1.185648148148148,0.5,1,0,0,0,3,0,0,1,1,0,1,0,0,6.4199
*CCC(=S)O*,0.0,5.106527394840706,0.0,6.4208216229260096,6.923737199690624,0.6541203703703704,4.834675925925926,1.366064814814815,0.6666666666666666,1,0,0,0,2,0,0,0,1,0,0,0,0,6.2041
*CCNc1ccc(*)s1,5.001081976687867,0.0,0.0,0.0,6.923737199690624,1.055458238851096,1.9554629629629627,2.6840003779289496,0.3333333333333333,1,0,0,1,3,0,0,0,0,0,0,0,1,4.6632
*CCNc1ccc(*)cc1,5.687386274683562,0.0,0.0,0.0,6.923737199690624,0.992000425170068,0.0,2.630217072940287,0.25,1,0,0,1,3,0,0,0,0,0,0,0,0,4.8208
*CCNC(*)=S,0.0,0.0,0.0,0.0,6.923737199690624,0.944074074074074,4.88875,2.619675925925926,0.6666666666666666,1,0,0,1,2,0,0,0,1,0,0,0,0,5.3628
*CCON*,0.0,4.8375885837366335,0.0,0.0,6.923737199690624,0.8991666666666666,0.0,2.335972222222222,1.0,2,0,0,1,3,0,0,0,0,0,0,0,0,4.8207
*CC(=O)c1ccc(-c2ccc(*)s2)s1,0.0,0.0,0.0,9.671684377773122,6.923737199690624,0.5249954071134626,3.559983229402872,0.8490734441924916,0.1,1,0,0,0,3,0,0,1,0,0,1,0,2,5.6786
*CC(=O)c1ccc(-c2ccc(*)cc2)s1,0.0,0.0,0.0,9.671684377773122,6.923737199690624,0.4926550033593684,1.6353864323507177,0.8372332976400434,0.0833333333333333,1,0,0,0,3,0,0,1,0,0,1,0,1,6.0852
*CC(=O)c1ccc(C(*)=O)s1,0.0,0.0,0.0,19.343368755546244,6.923737199690624,-0.0825547996976566,1.377083333333333,0.7682832577475432,0.1428571428571428,2,0,0,0,3,0,0,2,0,0,1,0,1,7.202
*CC(=O)c1ccc(C(*)=S)s1,0.0,0.0,0.0,14.54883157147442,6.923737199690624,0.3398989040060468,6.7094312169312165,0.8363104686318971,0.1428571428571428,1,0,0,0,3,0,0,1,1,0,1,0,1,6.3101
*CC(=O)c1ccc(O*)s1,0.0,0.0,0.0,9.671684377773122,6.923737199690624,0.1821135676492821,1.496296296296296,0.829602229780801,0.1666666666666666,2,0,0,0,3,0,0,1,0,0,1,0,1,6.261
*CC(=O)c1ccc(-c2ccc(*)s2)cc1,0.0,0.0,0.0,10.357988675768818,6.923737199690624,0.504158478206097,1.8993722967582087,0.8269214275216257,0.0833333333333333,1,0,0,0,3,0,0,1,0,0,1,0,1,5.9294
*CC(=O)c1ccc(-c2ccc(*)cc2)cc1,0.0,0.0,0.0,10.357988675768818,6.923737199690624,0.4747240667514835,0.0,0.8176675992558025,0.0714285714285714,1,0,0,0,3,0,0,1,0,0,1,0,0,6.2808
*CC(=O)c1ccc(C(*)=O)cc1,0.0,0.0,0.0,20.715977351537635,6.923737199690624,-0.0954863473167044,0.0,0.7650477135298562,0.1111111111111111,2,0,0,0,3,0,0,2,0,0,1,0,0,7.293
*CC(=O)c1ccc(C(*)=S)cc1,0.0,0.0,0.0,15.921440167465814,6.923737199690624,0.3160362864281514,5.137916377970941,0.8171310468631896,0.1111111111111111,1,0,0,0,3,0,0,1,1,0,1,0,0,6.4748
*CC(=O)c1ccc(O*)cc1,0.0,0.0,0.0,10.357988675768818,6.923737199690624,0.1582752267573695,0.0,0.8135702475434616,0.125,2,0,0,0,3,0,0,1,0,0,1,0,0,6.5457
*CC(=O)Cc1ccc(*)s1,0.0,11.21535880699783,0.0,4.877147193701299,6.923737199690624,0.6373611111111112,1.8494907407407408,0.9201577853363568,0.2857142857142857,1,0,0,0,3,0,0,1,0,0,1,0,1,6.0343
*CC(=O)Cc1ccc(*)cc1,0.0,11.21535880699783,0.0,5.563451491696996,6.923737199690624,0.5916083238851096,0.0,0.8984389172335601,0.2222222222222222,1,0,0,0,3,0,0,1,0,0,1,0,0,6.2518
*CC(=O)CC(*)=O,0.0,9.589074368143644,0.0,6.4208216229260096,6.923737199690624,0.010787037037037,0.0,0.7618055555555555,0.5,2,0,0,0,3,0,0,2,0,0,1,0,0,5.6663
*CC(=O)CC(*)=S,0.0,4.794537184071822,0.0,6.4208216229260096,6.923737199690624,0.4737500000000001,4.856111111111111,0.8951388888888888,0.5,1,0,0,0,3,0,0,1,1,0,1,0,0,5.8877
*CC(=O)CO*,0.0,9.901064578912528,0.0,0.0,6.923737199690624,0.3124537037037037,0.0,1.3012499999999998,0.6666666666666666,2,0,0,0,3,0,0,1,0,0,1,0,0,6.97
*CC(=O)C(=S)c1ccc(*)s1,0.0,4.794537184071822,0.0,4.877147193701299,6.923737199690624,0.439537037037037,6.80074074074074,0.7662226001511716,0.1428571428571428,1,0,0,0,3,0,0,1,1,0,1,0,1,6.3305
*CC(=O)C(=S)c1ccc(*)cc1,0.0,4.794537184071822,0.0,5.563451491696996,6.923737199690624,0.4154735922146636,5.096505102040816,0.7445037320483749,0.1111111111111111,1,0,0,0,3,0,0,1,1,0,1,0,0,6.263
*CC(=O)C(=S)C(*)=O,0.0,9.589074368143644,0.0,0.0,6.923737199690624,-0.2914814814814813,4.603194444444444,0.6078703703703704,0.25,2,0,0,0,3,0,0,2,1,0,1,0,0,6.8667
*CC(=O)C(=S)O*,0.0,9.901064578912528,0.0,0.0,6.923737199690624,0.0101851851851854,4.607824074074074,0.713287037037037,0.3333333333333333,2,0,0,0,2,0,0,1,1,0,1,0,0,6.719
*CC(=O)Nc1ccc(*)s1,5.001081976687867,4.794537184071822,0.0,0.0,6.923737199690624,0.5348611111111111,1.7383796296296294,0.8090466742252456,0.1666666666666666,2,0,0,1,2,0,0,1,0,0,0,0,1,5.8021
*CC(=O)Nc1ccc(*)cc1,5.687386274683562,4.794537184071822,0.0,0.0,6.923737199690624,0.5013305461073319,0.0,0.7873278061224489,0.125,2,0,0,1,2,0,0,1,0,0,0,0,0,5.8783
*CC(=O)NC(*)=O,4.794537184071822,4.794537184071822,0.0,0.0,6.923737199690624,-0.162824074074074,0.0,0.6506944444444444,0.3333333333333333,3,0,0,1,1,0,0,2,0,1,0,0,0,5.8547
*CC(=O)NC(*)=S,0.0,4.794537184071822,0.0,0.0,6.923737199690624,0.3001388888888889,4.744999999999999,0.7840277777777777,0.3333333333333333,2,0,0,1,1,0,0,1,1,0,0,0,0,5.8386
*CC(=O)Oc1ccc(*)s1,0.0,4.794537184071822,0.0,0.0,6.923737199690624,5.498796296296296,1.6272685185185185,0.6979355631141345,0.1666666666666666,2,0,0,0,2,0,0,1,0,0,0,0,1,6.077
*CC(=O)OC(*)=O,4.794537184071822,9.53140013787187,0.0,0.0,6.923737199690624,3.958703703703704,0.0,0.2850000000000001,0.3333333333333333,3,0,0,0,1,0,0,2,0,0,0,0,0,8.5901
*CC(=O)OC(*)=S,0.0,9.53140013787187,0.0,0.0,6.923737199690624,4.792037037037038,4.6338888888888885,0.6729166666666666,0.3333333333333333,2,0,0,0,1,0,0,1,1,0,0,0,0,6.7464
*CC(=S)c1ccc(C(*)=S)s1,0.0,0.0,0.0,9.7542943874026,6.923737199690624,0.616259448223734,12.257482048374904,1.2066808390022676,0.1428571428571428,0,0,0,0,3,0,0,0,2,0,0,0,1,4.932
*CC(=S)c1ccc(O*)s1,0.0,0.0,0.0,4.877147193701299,6.923737199690624,0.4584741118669689,6.925393990929704,1.1999726001511717,0.1666666666666666,1,0,0,0,3,0,0,0,1,0,0,0,1,5.946
*CC(=S)c1ccc(C(*)=S)cc1,0.0,0.0,0.0,11.126902983393991,6.923737199690624,0.576452953094818,10.466001223020072,1.18750141723356,0.1111111111111111,0,0,0,0,3,0,0,0,2,0,0,0,0,4.2727
*CC(=S)c1ccc(N*)cc1,5.687386274683562,0.0,0.0,5.563451491696996,6.923737199690624,0.6843168934240361,5.258994708994709,1.2043487811791382,0.125,1,0,0,1,3,0,0,0,1,0,0,0,0,5.6636
*CC(=S)c1ccc(O*)cc1,0.0,0.0,0.0,5.563451491696996,6.923737199690624,0.4186918934240361,5.238586545729403,1.1839406179138323,0.125,1,0,0,0,3,0,0,0,1,0,0,0,0,5.926
*CC(=S)CO*,0.0,5.106527394840706,0.0,0.0,6.923737199690624,0.6541203703703704,4.931898148148148,2.041990740740741,0.6666666666666666,1,0,0,0,3,0,0,0,1,0,0,0,0,5.5936
*CC(=S)C(=O)O*,0.0,9.901064578912528,0.0,0.0,6.923737199690624,0.0101851851851851,4.705046296296296,0.8753240740740741,0.3333333333333333,2,0,0,0,2,0,0,1,1,0,0,0,0,6.5803
*CC(=S)NO*,0.0,5.20725302477729,0.0,0.0,6.923737199690624,0.4805092592592593,4.820787037037037,1.1264814814814814,0.5,2,0,0,1,2,0,0,0,1,0,0,0,0,5.6761
*CNc1ccc(-c2ccc(*)cc2)s1,5.001081976687867,0.0,0.0,0.0,0.0,0.8247743449231544,1.865710506424792,0.0,0.0909090909090909,1,0,0,1,3,0,0,0,0,0,0,0,1,5.4046
*CNc1ccc(C(*)=O)s1,5.001081976687867,0.0,0.0,9.671684377773122,0.0,0.2991534391534393,1.6074074074074072,0.0,0.1666666666666666,2,0,0,1,3,0,0,1,0,0,0,0,1,5.431
*CNc1ccc(C(*)=S)s1,5.001081976687867,0.0,0.0,4.877147193701299,0.0,0.7216071428571428,6.984634353741496,0.0,0.1666666666666666,1,0,0,1,3,0,0,0,1,0,0,0,1,5.3497
*CNc1ccc(N*)s1,10.002163953375732,0.0,0.0,0.0,0.0,0.834229969765684,1.8377314814814811,0.0,0.2,2,0,0,2,3,0,0,0,0,0,0,0,1,4.8739
*CNc1ccc(O*)s1,5.001081976687867,0.0,0.0,0.0,0.0,0.5638218065003778,1.7266203703703702,0.0,0.2,2,0,0,1,3,0,0,0,0,0,0,0,1,5.3042
*CNc1ccc(-c2ccc(*)s2)cc1,5.687386274683562,0.0,0.0,0.0,0.0,0.8362778197698832,1.9630946607037876,0.0,0.0909090909090909,1,0,0,1,3,0,0,0,0,0,0,0,1,5.0179
*CNc1ccc(N*)cc1,11.374772549367124,0.0,0.0,0.0,0.0,0.7830508314436885,0.0,0.0,0.1428571428571428,2,0,0,2,3,0,0,0,0,0,0,0,0,4.6919
*CNc1ccc(O*)cc1,5.687386274683562,0.0,0.0,0.0,0.0,0.5174258314436885,0.0,0.0,0.1428571428571428,2,0,0,1,3,0,0,0,0,0,0,0,0,5.1109
*CNCc1ccc(*)s1,0.0,6.544756405912575,0.0,4.877147193701299,0.0,1.0190693499622072,2.0040740740740737,1.125324074074074,0.3333333333333333,1,0,0,1,3,0,0,0,0,0,0,0,1,5.8087
*CNCc1ccc(*)cc1,0.0,6.544756405912575,0.0,5.563451491696996,0.0,0.9507589285714284,0.0,1.0731944444444443,0.25,1,0,0,1,3,0,0,0,0,0,0,0,0,6.259
*CNCC(*)=O,0.0,4.794537184071822,0.0,0.0,0.0,0.4811111111111111,0.0,0.6840277777777777,0.6666666666666666,2,0,0,1,3,0,0,1,0,0,0,0,0,6.367
*CNCC(*)=S,0.0,0.0,0.0,0.0,0.0,0.9440740740740742,4.937361111111111,1.054398148148148,0.6666666666666666,1,0,0,1,3,0,0,0,1,0,0,0,0,6.0922
*CNCN*,0.0,0.0,0.0,0.0,0.0,1.0727777777777778,0.0,1.0868055555555556,1.0,2,0,0,2,3,0,0,0,0,0,0,0,0,6.0806
*CNCO*,0.0,5.106527394840706,0.0,0.0,0.0,0.7827777777777778,0.0,0.8368055555555556,1.0,2,0,0,1,3,0,0,0,0,0,0,0,0,6.4057
*CNC(=O)c1ccc(*)s1,0.0,0.0,0.0,9.671684377773122,0.0,0.5953193499622073,1.6626388888888886,0.0,0.1666666666666666,2,0,0,1,2,0,0,1,0,0,0,0,1,6.3237
*CNC(=O)C(*)=S,0.0,4.794537184071822,0.0,0.0,0.0,0.300138888888889,4.71050925925926,0.0,0.3333333333333333,2,0,0,1,2,0,0,1,1,0,0,0,0,7.0203
*CNC(=S)c1ccc(*)s1,0.0,0.0,0.0,4.877147193701299,0.0,0.8212452758881331,7.071064814814815,0.0,0.1666666666666666,1,0,0,1,2,0,0,0,1,0,0,0,1,5.8964
*CNC(=S)c1ccc(*)cc1,0.0,0.0,0.0,5.563451491696996,0.0,0.7746241969009827,5.212245842781557,0.0,0.125,1,0,0,1,2,0,0,0,1,0,0,0,0,5.75
*CNC(=S)C(*)=O,0.0,4.794537184071822,0.0,0.0,0.0,0.1788425925925927,4.718935185185185,0.0,0.3333333333333333,2,0,0,1,2,0,0,1,1,0,0,0,0,6.3386
*CNC(=S)N*,0.0,0.0,0.0,0.0,0.0,0.7705092592592593,4.834675925925926,0.0,0.5,2,0,0,2,1,0,0,0,1,0,0,0,0,5.6855
*CNC(=S)O*,0.0,5.106527394840706,0.0,0.0,0.0,0.4805092592592593,4.723564814814814,0.0,0.5,2,0,0,1,1,0,0,0,1,0,0,0,0,6.2178
*CNOc1ccc(*)s1,0.0,0.0,0.0,0.0,0.0,0.8140693499622071,1.7818518518518516,0.0,0.2,2,0,0,1,3,0,0,0,0,0,0,0,1,5.578
*CNOc1ccc(*)cc1,0.0,0.0,0.0,0.0,0.0,0.770203373015873,0.0,0.0,0.1428571428571428,2,0,0,1,3,0,0,0,0,0,0,0,0,5.7444
*CNOC(*)=S,0.0,4.8375885837366335,0.0,0.0,0.0,0.596851851851852,4.715138888888889,0.0,0.5,2,0,0,1,2,0,0,0,1,0,0,0,0,6.7958
*CNON*,0.0,4.938314213673218,0.0,0.0,0.0,0.7255555555555556,0.0,0.0,1.0,3,0,0,2,3,0,0,0,0,0,0,0,0,6.3414
*COc1ccc(-c2ccc(*)cc2)s1,0.0,0.0,0.0,0.0,0.0,6.275015038422776,1.7545993953136807,0.0,0.0909090909090909,1,0,0,0,3,0,0,0,0,0,0,0,1,5.3253
*COc1ccc(O*)s1,0.0,0.0,0.0,0.0,0.0,5.79067365835223,1.615509259259259,0.0,0.2,2,0,0,0,3,0,0,0,0,0,0,0,1,5.7358
*COc1ccc(O*)cc1,0.0,0.0,0.0,0.0,0.0,5.767204743008314,0.0,0.0,0.1428571428571428,2,0,0,0,3,0,0,0,0,0,0,0,0,5.8209
*COC(=O)O*,4.794537184071822,9.843390348640757,0.0,0.0,0.0,4.468703703703704,0.0,0.0,0.5,3,0,0,0,1,0,0,1,0,0,0,0,0,8.8314
*COC(=S)O*,0.0,9.843390348640757,0.0,0.0,0.0,5.180740740740741,4.612453703703704,0.0,0.5,2,0,0,0,1,0,0,0,1,0,0,0,0,6.8707
*CONC(*)=O,4.794537184071822,4.8375885837366335,0.0,0.0,0.0,0.1338888888888889,0.0,0.0,0.5,3,0,0,1,2,0,0,1,0,0,0,0,0,7.3554
*CONO*,0.0,10.044841608513924,0.0,0.0,0.0,0.4355555555555556,0.0,0.0,1.0,3,0,0,1,3,0,0,0,0,0,0,0,0,7.0389
*C(=O)c1ccc(-c2ccc(-c3ccc(*)s3)s2)s1,0.0,0.0,0.0,9.671684377773122,0.0,0.1059929289285351,5.422385361552028,0.0,0.0,1,0,0,0,3,0,0,1,0,0,0,0,3,5.3929
*C(=O)c1ccc(-c2ccc(C(*)=S)s2)s1,0.0,0.0,0.0,14.54883157147442,0.0,-0.0740223188040646,8.63248472537163,0.0,0.0,1,0,0,0,3,0,0,1,1,0,0,0,2,6.113
*Oc1ccc(-c2ccc(C(*)=O)s2)s1,0.0,0.0,0.0,9.671684377773122,0.0,-0.2320264340304021,3.2769510582010577,0.0,0.0,2,0,0,0,3,0,0,1,0,0,0,0,2,5.5977
*C(=O)c1ccc(-c2ccc(-c3ccc(*)s3)cc2)s1,0.0,0.0,0.0,9.671684377773122,0.0,0.0906723076188337,3.553281715578793,0.0,0.0,1,0,0,0,3,0,0,1,0,0,0,0,2,5.7571
*C(=O)c1ccc(-c2ccc(C(*)=S)cc2)s1,0.0,0.0,0.0,15.235135869470117,0.0,-0.095814345570388,6.8417417386171895,0.0,0.0,1,0,0,0,3,0,0,1,1,0,0,0,1,6.0589
*Oc1ccc(-c2ccc(C(*)=O)s2)cc1,0.0,0.0,0.0,9.671684377773122,0.0,-0.2541461484476455,1.5953035241874525,0.0,0.0,2,0,0,0,3,0,0,1,0,0,0,0,1,5.7839
*C(=O)c1ccc(C(=O)c2ccc(*)s2)s1,0.0,0.0,0.0,24.22051594924754,0.0,-0.1105282869320564,2.9509405706727128,0.0,0.0,2,0,0,0,3,0,0,2,0,0,1,0,2,7.0438
*C(=O)c1ccc(C(=O)C(*)=S)s1,0.0,0.0,0.0,19.343368755546244,0.0,-0.4655857898715041,6.167436696900982,0.0,0.0,2,0,0,0,3,0,0,2,1,0,1,0,1,6.8471
*OC(=O)c1ccc(C(*)=O)s1,0.0,5.106527394840706,0.0,19.343368755546244,0.0,-0.6233711262282691,1.252083333333333,0.0,0.0,3,0,0,0,2,0,0,2,0,0,0,0,1,7.3658
*OC(=S)c1ccc(C(*)=O)s1,0.0,5.106527394840706,0.0,14.54883157147442,0.0,-0.3470105820105817,6.441857520786091,0.0,0.0,2,0,0,0,2,0,0,1,1,0,0,0,1,6.7886
*C(=O)c1ccc(Oc2ccc(*)s2)s1,0.0,0.0,0.0,9.671684377773122,0.0,5.73692069265978,3.1893664965986392,0.0,0.0,2,0,0,0,3,0,0,1,0,0,0,0,2,6.3539
*C(=O)c1ccc(OC(*)=S)s1,0.0,0.0,0.0,9.671684377773122,0.0,5.05890022675737,6.291279289493574,0.0,0.0,2,0,0,0,2,0,0,1,1,0,0,0,1,6.8199
*C(=O)c1ccc(-c2ccc(-c3ccc(*)cc3)s2)cc1,0.0,0.0,0.0,10.357988675768818,0.0,0.0587406798006964,1.810292422524565,0.0,0.0,1,0,0,0,3,0,0,1,0,0,0,0,1,5.8483
*Oc1ccc(-c2ccc(C(*)=O)cc2)s1,0.0,0.0,0.0,10.357988675768818,0.0,-0.2541461484476452,1.6712022864701432,0.0,0.0,2,0,0,0,3,0,0,1,0,0,0,0,1,6.028
*C(=O)c1ccc(-c2ccc(-c3ccc(*)cc3)cc2)cc1,0.0,0.0,0.0,10.357988675768818,0.0,0.0477582615314328,0.0,0.0,0.0,1,0,0,0,3,0,0,1,0,0,0,0,0,5.9803
*C(=O)c1ccc(-c2ccc(C(*)=S)cc2)cc1,0.0,0.0,0.0,15.921440167465814,0.0,-0.1151128841496809,5.248358626636044,0.0,0.0,1,0,0,0,3,0,0,1,1,0,0,0,0,6.1599
*C(=O)c1ccc(C(=O)c2ccc(*)s2)cc1,0.0,0.0,0.0,25.593124545238936,0.0,-0.1109375579126661,1.608155732972201,0.0,0.0,2,0,0,0,3,0,0,2,0,0,1,0,1,7.268
*C(=O)c1ccc(C(=O)c2ccc(*)cc2)cc1,0.0,0.0,0.0,26.27942884323463,0.0,-0.1038118637415177,0.0,0.0,0.0,2,0,0,0,3,0,0,2,0,0,1,0,0,6.4709
*C(=O)c1ccc(C(=O)C(*)=S)cc1,0.0,0.0,0.0,20.715977351537635,0.0,-0.4689752876459225,4.8916136516334925,0.0,0.0,2,0,0,0,3,0,0,2,1,0,1,0,0,6.7765
*OC(=S)c1ccc(C(*)=O)cc1,0.0,5.106527394840706,0.0,15.921440167465814,0.0,-0.3663196806500377,5.001695956160242,0.0,0.0,2,0,0,0,2,0,0,1,1,0,0,0,0,6.7625
*C(=O)c1ccc(Oc2ccc(*)s2)cc1,0.0,0.0,0.0,10.357988675768818,0.0,5.74026709061341,1.727368695935164,0.0,0.0,2,0,0,0,3,0,0,1,0,0,0,0,1,6.1761
*C(=O)c1ccc(OC(*)=S)cc1,0.0,0.0,0.0,10.357988675768818,0.0,5.059266397917192,4.896243281263122,0.0,0.0,2,0,0,0,2,0,0,1,1,0,0,0,0,6.7719
*C(=O)Oc1ccc(C(*)=S)s1,4.794537184071822,0.0,0.0,4.877147193701299,0.0,4.781122448979591,6.573177437641723,-0.0301275510204079,0.0,2,0,0,0,2,0,0,1,1,0,0,0,1,6.6347
*Oc1ccc(OC(*)=O)s1,4.794537184071822,0.0,0.0,0.0,0.0,4.554633408919123,1.3984259259259255,-0.0402371504157217,0.0,3,0,0,0,2,0,0,1,0,0,0,0,1,5.9838
*C(=O)Oc1ccc(C(*)=S)cc1,4.794537184071822,0.0,0.0,5.563451491696996,0.0,4.756923238431174,5.108828315276728,-0.0474999999999996,0.0,2,0,0,0,2,0,0,1,1,0,0,0,0,6.6755
*OC(=O)OC(*)=O,9.589074368143644,9.843390348640757,0.0,0.0,0.0,3.1564814814814808,0.0,-0.3795833333333329,0.0,4,0,0,0,0,0,0,2,0,0,0,0,0,7.4502
*OC(=S)OC(*)=O,4.794537184071822,9.843390348640757,0.0,0.0,0.0,3.868518518518519,4.468703703703704,-0.1712499999999996,0.0,3,0,0,0,0,0,0,1,1,0,0,0,0,7.3548
*Nc1ccc(-c2ccc(-c3ccc(*)s3)s2)s1,5.001081976687867,0.0,0.0,0.0,0.0,0.5991058765869373,5.776382065171747,0.0,0.0,1,0,0,1,3,0,0,0,0,0,0,0,3,4.3058
*Cc1ccc(-c2ccc(N*)s2)s1,5.001081976687867,6.923737199690624,0.0,4.877147193701299,0.0,0.8007101914840009,3.8673469387755097,1.396201656588561,0.1111111111111111,1,0,0,1,3,0,0,0,0,0,0,0,2,4.9311
*Nc1ccc(-c2ccc(C(*)=O)s2)s1,5.001081976687867,0.0,0.0,9.671684377773122,0.0,0.0303192449819436,3.4158399470899465,0.0,0.0,2,0,0,1,3,0,0,1,0,0,0,0,2,5.182
*Nc1ccc(-c2ccc(C(*)=S)s2)s1,5.001081976687867,0.0,0.0,4.877147193701299,0.0,0.4340229486856471,8.968148095658016,0.0,0.0,1,0,0,1,3,0,0,0,1,0,0,0,2,5.3242
*Nc1ccc(-c2ccc(-c3ccc(*)s3)cc2)s1,5.001081976687867,0.0,0.0,0.0,0.0,0.5787215624950113,3.81797218083744,0.0,0.0,1,0,0,1,3,0,0,0,0,0,0,0,2,4.3893
*Nc1ccc(-c2ccc(C(*)=S)cc2)s1,5.001081976687867,0.0,0.0,5.563451491696996,0.0,0.4037724312891159,7.091280688724321,0.0,0.0,1,0,0,1,3,0,0,0,1,0,0,0,1,5.6909
*Nc1ccc(C(=O)c2ccc(*)s2)s1,5.001081976687867,0.0,0.0,14.54883157147442,0.0,0.3975169805576551,3.244987008692365,0.0,0.0,2,0,0,1,3,0,0,1,0,0,1,0,2,5.2456
*Nc1ccc(C(=O)C(*)=S)s1,5.001081976687867,0.0,0.0,9.671684377773122,0.0,0.0694907407407406,6.432837301587301,0.0,0.0,2,0,0,1,3,0,0,1,1,0,1,0,1,6.311
*Nc1ccc(C(=S)c2ccc(*)s2)s1,5.001081976687867,0.0,0.0,9.7542943874026,0.0,0.5581367840346015,9.164501369992442,0.0,0.0,1,0,0,1,3,0,0,0,1,0,0,0,2,5.2424
*Nc1ccc(C(=S)c2ccc(*)cc2)s1,5.001081976687867,0.0,0.0,10.440598685398296,0.0,0.5291989218526918,7.280821286848073,0.0,0.0,1,0,0,1,3,0,0,0,1,0,0,0,1,5.2303
*Nc1ccc(Nc2ccc(*)s2)s1,15.0032459300636,0.0,0.0,0.0,0.0,0.630151145334677,3.705635156840514,0.0,0.0,2,0,0,2,3,0,0,0,0,0,0,0,2,4.0261
*Nc1ccc(NC(*)=S)s1,10.002163953375732,0.0,0.0,0.0,0.0,0.4511989795918368,6.778902116402117,0.0,0.0,2,0,0,2,2,0,0,0,1,0,0,0,1,5.1241
*Nc1ccc(Oc2ccc(*)s2)s1,5.001081976687867,0.0,0.0,0.0,0.0,6.308854849038381,3.483412934618292,0.0,0.0,2,0,0,1,3,0,0,0,0,0,0,0,2,5.4925
*Nc1ccc(OC(*)=S)s1,5.001081976687867,0.0,0.0,0.0,0.0,5.657865646258504,6.556679894179894,0.0,0.0,2,0,0,1,2,0,0,0,1,0,0,0,1,5.6596
*Nc1ccc(-c2ccc(-c3ccc(*)s3)s2)cc1,5.687386274683562,0.0,0.0,0.0,0.0,0.5740101760145951,3.874497150393164,0.0,0.0,1,0,0,1,3,0,0,0,0,0,0,0,2,4.896
*Nc1ccc(-c2ccc(-c3ccc(*)cc3)s2)cc1,5.687386274683562,0.0,0.0,0.0,0.0,0.5427552915625606,1.8740147864701435,0.0,0.0,1,0,0,1,3,0,0,0,0,0,0,0,1,4.4871
*Nc1ccc(-c2ccc(C(*)=S)s2)cc1,5.687386274683562,0.0,0.0,4.877147193701299,0.0,0.4037724312891158,7.1087095645956575,0.0,0.0,1,0,0,1,3,0,0,0,1,0,0,0,1,5.6224
*Nc1ccc(-c2ccc(-c3ccc(*)s3)cc2)cc1,5.687386274683562,0.0,0.0,0.0,0.0,0.5568338842196926,1.9572255664075648,0.0,0.0,1,0,0,1,3,0,0,0,0,0,0,0,1,4.5131
*Nc1ccc(-c2ccc(-c3ccc(*)cc3)cc2)cc1,5.687386274683562,0.0,0.0,0.0,0.0,0.5285065608511604,0.0,0.0,0.0,1,0,0,1,3,0,0,0,0,0,0,0,0,4.7817
*Cc1ccc(-c2ccc(N*)cc2)cc1,5.687386274683562,6.923737199690624,0.0,5.563451491696996,0.0,0.7358589554585226,0.0,1.354467380896854,0.0769230769230769,1,0,0,1,3,0,0,0,0,0,0,0,0,5.1363
*Nc1ccc(-c2ccc(C(*)=S)cc2)cc1,5.687386274683562,0.0,0.0,5.563451491696996,0.0,0.3780000635087213,5.264619722442594,0.0,0.0,1,0,0,1,3,0,0,0,1,0,0,0,0,5.3872
*Nc1ccc(C(=O)c2ccc(*)s2)cc1,5.687386274683562,0.0,0.0,15.235135869470117,0.0,0.388649218946838,1.6589209078693203,0.0,0.0,2,0,0,1,3,0,0,1,0,0,1,0,1,5.4547
*Nc1ccc(C(=O)C(*)=S)cc1,5.687386274683562,0.0,0.0,10.357988675768818,0.0,0.0504112864281516,4.919745081674645,0.0,0.0,2,0,0,1,3,0,0,1,1,0,1,0,0,6.3689
*Nc1ccc(C(=O)O*)cc1,5.687386274683562,5.106527394840706,0.0,10.357988675768818,0.0,-0.1073497732426305,0.0,0.0,0.0,3,0,0,1,2,0,0,1,0,0,0,0,0,6.8988
*Nc1ccc(C(=S)c2ccc(*)cc2)cc1,5.687386274683562,0.0,0.0,11.126902983393991,0.0,0.5094116281345715,5.525453514739229,0.0,0.0,1,0,0,1,3,0,0,0,1,0,0,0,0,5.3904
*Nc1ccc(Nc2ccc(*)s2)cc1,16.37585452605499,0.0,0.0,0.0,0.0,0.5987257495590828,1.8892449819433943,0.0,0.0,2,0,0,2,3,0,0,0,0,0,0,0,1,4.9639
*Nc1ccc(Oc2ccc(*)s2)cc1,5.687386274683562,0.0,0.0,0.0,0.0,6.288134290753338,1.7781338708322834,0.0,0.0,2,0,0,1,3,0,0,0,0,0,0,0,1,5.3817
*Nc1ccc(Oc2ccc(*)cc2)cc1,5.687386274683562,0.0,0.0,0.0,0.0,6.2704018019818895,0.0,0.0,0.0,2,0,0,1,3,0,0,0,0,0,0,0,0,4.8032
*Nc1ccc(OC(*)=S)cc1,5.687386274683562,0.0,0.0,0.0,0.0,5.6269333952716885,4.924374711304274,0.0,0.0,2,0,0,1,2,0,0,0,1,0,0,0,0,5.9088
*NC(=O)c1ccc(-c2ccc(*)cc2)s1,0.0,0.0,0.0,9.671684377773122,0.0,0.2326550033593682,1.572886432350718,0.0,0.0,2,0,0,1,2,0,0,1,0,0,0,0,1,5.5458
*NC(=O)c1ccc(C(*)=O)s1,0.0,0.0,0.0,19.343368755546244,0.0,-0.3529629629629631,1.314583333333333,0.0,0.0,3,0,0,1,2,0,0,2,0,0,0,0,1,7.093
*NC(=O)c1ccc(C(*)=S)s1,0.0,0.0,0.0,14.54883157147442,0.0,0.0694907407407404,6.626523053665911,0.0,0.0,2,0,0,1,2,0,0,1,1,0,0,0,1,6.1268
*NC(=O)c1ccc(O*)s1,0.0,0.0,0.0,9.671684377773122,0.0,-0.0882945956160241,1.433796296296296,0.0,0.0,3,0,0,1,2,0,0,1,0,0,0,0,1,6.5697
*NC(=O)c1ccc(-c2ccc(*)s2)cc1,0.0,0.0,0.0,10.357988675768818,0.0,0.2441584782060971,1.8837472967582087,0.0,0.0,2,0,0,1,2,0,0,1,0,0,0,0,1,6.1434
*NC(=O)c1ccc(-c2ccc(*)cc2)cc1,0.0,0.0,0.0,10.357988675768818,0.0,0.2164596039415662,0.0,0.0,0.0,2,0,0,1,2,0,0,1,0,0,0,0,0,5.7787
*NC(=O)c1ccc(C(*)=S)cc1,0.0,0.0,0.0,15.921440167465814,0.0,0.0504112864281514,5.122291377970941,0.0,0.0,2,0,0,1,2,0,0,1,1,0,0,0,0,6.3279
*NC(=O)c1ccc(O*)cc1,0.0,0.0,0.0,10.357988675768818,0.0,-0.1073497732426305,0.0,0.0,0.0,3,0,0,1,2,0,0,1,0,0,0,0,0,6.7472
*NC(=O)C(=S)c1ccc(*)s1,0.0,4.794537184071822,0.0,4.877147193701299,0.0,0.1691288737717311,6.698240740740741,0.0,0.0,2,0,0,1,2,0,0,1,1,0,0,0,1,6.6147
*NC(=O)C(=S)c1ccc(*)cc1,0.0,4.794537184071822,0.0,5.563451491696996,0.0,0.1498485922146637,5.034005102040816,0.0,0.0,2,0,0,1,2,0,0,1,1,0,0,0,0,6.5245
*NC(=O)C(=S)C(*)=O,0.0,9.589074368143644,0.0,0.0,0.0,-0.5814814814814815,4.540694444444444,0.0,0.0,3,0,0,1,2,0,0,2,1,0,0,0,0,6.114
*NC(=O)C(=S)O*,0.0,9.901064578912528,0.0,0.0,0.0,-0.2798148148148147,4.545324074074074,0.0,0.0,3,0,0,1,0,0,0,1,1,0,0,0,0,7.7235
*NC(=O)Nc1ccc(*)s1,9.795619160759689,0.0,0.0,0.0,0.0,0.2644529478458051,1.6983796296296294,0.0,0.0,3,0,0,2,1,0,0,1,0,0,0,0,1,4.8361
*NC(=O)NC(*)=O,9.589074368143644,0.0,0.0,0.0,0.0,-0.4528240740740741,0.0,0.0,0.0,4,0,0,2,0,0,0,2,0,1,0,0,0,5.9087
*NC(=O)NC(*)=S,4.794537184071822,0.0,0.0,0.0,0.0,0.0101388888888889,4.705,0.0,0.0,3,0,0,2,0,0,0,1,1,0,0,0,0,7.159
*NC(=O)NO*,4.794537184071822,5.20725302477729,0.0,0.0,0.0,-0.1511574074074073,0.0,0.0,0.0,4,0,0,2,1,0,0,1,0,0,0,0,0,7.4857
*NC(=O)Oc1ccc(*)s1,4.794537184071822,0.0,0.0,0.0,0.0,5.117277021919879,1.5872685185185182,0.0,0.0,3,0,0,1,1,0,0,1,0,0,0,0,1,5.369
*NC(=O)Oc1ccc(*)cc1,4.794537184071822,0.0,0.0,0.0,0.0,5.104177768329555,0.0,0.0,0.0,3,0,0,1,1,0,0,1,0,0,0,0,0,5.9392
*NC(=O)OC(*)=S,4.794537184071822,4.736862953800049,0.0,0.0,0.0,4.3909259259259255,4.5938888888888885,0.0,0.0,3,0,0,1,0,0,0,1,1,0,0,0,0,7.661
*NC(=S)c1ccc(O*)s1,0.0,0.0,0.0,4.877147193701299,0.0,0.1880659486016628,6.7517828798185935,0.0,0.0,2,0,0,1,2,0,0,0,1,0,0,0,1,6.1012
*NC(=S)c1ccc(O*)cc1,0.0,0.0,0.0,5.563451491696996,0.0,0.1530668934240361,5.127475434618292,0.0,0.0,2,0,0,1,2,0,0,0,1,0,0,0,0,5.884
*NC(=S)C(=O)O*,0.0,9.901064578912528,0.0,0.0,0.0,-0.2798148148148147,4.593935185185185,0.0,0.0,3,0,0,1,0,0,0,1,1,0,0,0,0,6.5527
*NC(=S)Nc1ccc(*)cc1,5.687386274683562,0.0,0.0,0.0,0.0,0.4961222127739985,5.026001511715798,0.0,0.0,2,0,0,2,1,0,0,0,1,0,0,0,0,5.5113
*NC(=S)NC(*)=S,0.0,0.0,0.0,0.0,0.0,0.3518055555555556,9.662592592592592,0.0,0.0,2,0,0,2,0,0,0,0,2,0,0,0,0,7.0636
*NC(=S)NO*,0.0,5.20725302477729,0.0,0.0,0.0,0.1905092592592593,4.709675925925926,0.0,0.0,3,0,0,2,1,0,0,0,1,0,0,0,0,5.7438
*NC(=S)OC(*)=S,0.0,4.736862953800049,0.0,0.0,0.0,5.102962962962963,9.44037037037037,0.0,0.0,2,0,0,1,0,0,0,0,2,0,0,0,0,6.6502
*NOC(=O)O*,4.794537184071822,9.94411597857734,0.0,0.0,0.0,-0.3247685185185185,0.0,0.0,0.0,4,0,0,1,1,0,0,1,0,0,0,0,0,7.9654
*NOC(=S)O*,0.0,9.94411597857734,0.0,0.0,0.0,0.0168981481481481,4.549953703703704,0.0,0.0,3,0,0,1,1,0,0,0,1,0,0,0,0,7.5682
*NC(=S)Nc1ccc(NC(=S)Nc2ccc(Oc3ccc(*)cc3)cc2)cc1,17.062158824050687,0.0,0.0,0.0,0.0,6.146710171082104,10.554990461188654,0.0,0.0,5,0,0,4,5,0,0,0,2,0,0,0,0,5.9845
*NC(=S)Nc1ccc(Cc2ccc(*)cc2)cc1,5.687386274683562,6.4208216229260096,0.0,11.126902983393991,0.0,0.4375128824783336,5.133429894031272,0.0,0.0714285714285714,2,0,0,2,3,0,0,0,1,0,0,0,0,5.378
*CCOCCOC(=O)Nc1ccc(C)c(NC(=O)O*)c1,20.963846917510768,14.580253302440804,6.923737199690624,5.563451491696996,6.923737199690624,10.211352878439367,0.0,4.428304851937262,0.3846153846153846,7,0,0,2,7,0,0,2,0,0,0,0,0,5.1123
*NC(=O)OC(*)=O,9.589074368143644,4.736862953800049,0.0,0.0,0.0,3.557592592592592,0.0,-0.3170833333333331,0.0,4,0,0,1,0,0,0,2,0,0,0,0,0,8.2121
*OC(=O)C(=S)C(*)=O,0.0,14.69560176298435,0.0,0.0,0.0,-0.8714814814814815,4.478194444444444,0.0,0.0,3,0,0,0,2,0,0,2,1,0,0,0,0,7.4364
*OCCC(=O)CC(=O)Oc1ccc(*)cc1,0.0,14.69560176298435,0.0,12.84164324585202,0.0,5.128086034753152,0.0,0.4493805622187656,0.2727272727272727,4,0,0,0,6,0,0,2,0,0,1,0,0,6.7464
*CCOC(=S)NC(=S)c1ccc(N*)cc1,5.687386274683562,4.736862953800049,0.0,5.563451491696996,6.923737199690624,5.896874304180401,10.307865121357183,1.9026965247888763,0.2,3,0,0,2,4,0,0,0,2,0,0,0,0,5.413
*CNCCCOCO*,0.0,9.843390348640757,0.0,6.4208216229260096,0.0,5.793036659108088,0.0,2.4928776927437646,1.0,3,0,0,1,7,0,0,0,0,0,0,0,0,6.3776
*CNCNC(=O)NC(=O)N*,9.589074368143644,0.0,0.0,0.0,0.0,0.1498558358528595,0.0,0.4294633408919122,0.5,6,0,0,4,3,0,0,2,0,1,0,0,0,6.2252
*CNC(=O)NCOCO*,4.794537184071822,9.843390348640757,0.0,0.0,0.0,5.116163076341648,0.0,0.5477662037037037,0.75,5,0,0,2,5,0,0,1,0,0,0,0,0,7.215
*CNC(=O)ONC(=O)NO*,9.589074368143644,10.044841608513924,0.0,0.0,0.0,-0.2164006991685559,0.0,0.0,0.3333333333333333,7,0,0,3,2,0,0,2,0,0,0,0,0,7.4526
*COCOCCCO*,0.0,14.580253302440804,0.0,6.4208216229260096,0.0,10.76557563303099,0.0,2.152599914965986,1.0,3,0,0,0,7,0,0,0,0,0,0,0,0,7.1508
*CNCCNC(=O)OC*,4.794537184071822,4.736862953800049,0.0,0.0,0.0,5.435668068153187,0.0,1.5554355631141346,0.8,4,0,0,2,5,0,0,1,0,0,0,0,0,6.3844
*C(=O)c1ccc(NC(=S)Oc2ccc(Nc3ccc(*)s3)s2)s1,15.0032459300636,0.0,0.0,9.671684377773122,0.0,5.628597213498424,9.988055765856192,0.0,0.0,4,0,0,2,5,0,0,1,1,0,0,0,3,5.4902
*NOC(=O)NCC(=O)NC(*)=O,9.589074368143644,9.632125767808455,0.0,0.0,0.0,-0.7156265222138238,0.0,-0.2376851851851853,0.25,7,0,0,3,3,0,0,3,0,1,0,0,0,8.0693
*NCCCNC(=O)NC(*)=O,9.589074368143644,0.0,0.0,6.4208216229260096,0.0,-0.1145862727807172,0.0,1.6114828987150414,0.6,5,0,0,3,4,0,0,2,0,1,0,0,0,6.8266
*Nc1ccc(NC(=O)NC(=O)NC(*)=O)s1,24.3857755055912,0.0,0.0,0.0,0.0,-0.508550626211611,1.395336383009994,0.0,0.0,7,0,0,4,2,0,0,3,0,2,0,0,1,5.7225
*NCNC(=O)OC(=O)NC(*)=O,14.383611552215466,4.736862953800049,0.0,0.0,0.0,3.604454732510289,0.0,0.2995384542705972,0.25,7,0,0,3,2,0,0,3,0,1,0,0,0,8.0251
*OCCCCONC(*)=O,4.794537184071822,9.94411597857734,0.0,12.84164324585202,0.0,-0.1274024733350129,0.0,1.4786125283446714,0.8,4,0,0,1,6,0,0,1,0,0,0,0,0,6.4266
*Oc1ccc(C(=O)c2ccc(C(=O)NOC(*)=O)s2)cc1,4.794537184071822,4.8375885837366335,0.0,24.90682024724324,0.0,-0.7843034194672136,1.054166089275216,-0.3704175648642291,0.0,6,0,0,1,4,0,0,3,0,0,1,0,1,7.1656
*c1ccc(C(F)(F)c2ccc(C(*)(F)F)s2)s1,17.56166019069928,12.347973912953767,0.0,14.631441581103898,0.0,53.23076617220963,1.6426036942554794,0.0,0.2,0,0,0,0,3,0,0,0,0,0,0,0,2,6.7826
*C(=S)C(F)(F)c1ccc(C(*)(F)F)s1,17.56166019069928,12.347973912953767,0.0,9.7542943874026,0.0,50.63562925170068,5.002328987150415,0.0,0.2857142857142857,0,0,0,0,3,0,0,0,1,0,0,0,1,6.9673
*OC(F)(F)c1ccc(C(*)(F)F)s1,17.56166019069928,17.640561649381382,0.0,9.7542943874026,0.0,49.31852324263039,0.4488425925925923,0.0,0.3333333333333333,1,0,0,0,3,0,0,0,0,0,0,0,1,7.2935
*c1ccc(C(F)(F)c2ccc(C(*)(F)F)cc2)s1,17.56166019069928,12.347973912953767,0.0,16.00405017709529,0.0,53.398677143696986,1.124568413013353,0.0,0.1666666666666666,0,0,0,0,3,0,0,0,0,0,0,0,1,6.4074
*c1ccc(C(F)(F)c2ccc(C(*)(F)F)cc2)cc1,17.56166019069928,12.347973912953767,0.0,16.690354475090988,0.0,53.746102461952034,0.0,0.0,0.1428571428571428,0,0,0,0,3,0,0,0,0,0,0,0,0,6.6407
*C(=S)C(F)(F)c1ccc(C(*)(F)F)cc1,17.56166019069928,12.347973912953767,0.0,11.126902983393991,0.0,50.89951778628118,4.545243409863946,0.0,0.2222222222222222,0,0,0,0,3,0,0,0,1,0,0,0,0,6.9546
*OC(F)(F)c1ccc(C(*)(F)F)cc1,17.56166019069928,17.640561649381382,0.0,11.126902983393991,0.0,49.62839510109599,0.0,0.0,0.25,1,0,0,0,3,0,0,0,0,0,0,0,0,7.7355
*C(=S)c1ccc(C(F)(F)C(*)(F)F)s1,17.56166019069928,5.922529168094576,0.0,9.7542943874026,0.0,50.000555555555565,5.6025184240362815,0.0,0.2857142857142857,0,0,0,0,3,0,0,0,1,0,0,0,1,6.7085
*Oc1ccc(C(F)(F)C(*)(F)F)s1,17.56166019069928,5.922529168094576,0.0,4.877147193701299,0.0,49.35380102040816,0.6169675925925924,0.0,0.3333333333333333,1,0,0,0,3,0,0,0,0,0,0,0,1,6.8728
*c1ccc(-c2ccc(C(F)(F)C(*)(F)F)cc2)s1,17.56166019069928,5.922529168094576,0.0,5.563451491696996,0.0,51.38992814100949,1.64753940696649,0.0,0.1666666666666666,0,0,0,0,3,0,0,0,0,0,0,0,1,6.0965
*c1ccc(-c2ccc(C(F)(F)C(*)(F)F)cc2)cc1,17.56166019069928,5.922529168094576,0.0,5.563451491696996,0.0,51.55579843910832,0.0,0.0,0.1428571428571428,0,0,0,0,3,0,0,0,0,0,0,0,0,6.3228
*C(=S)c1ccc(C(F)(F)C(*)(F)F)cc1,17.56166019069928,5.922529168094576,0.0,11.126902983393991,0.0,50.25092084750567,4.9599968112244905,0.0,0.2222222222222222,0,0,0,0,3,0,0,0,1,0,0,0,0,6.6143
*Oc1ccc(C(F)(F)C(*)(F)F)cc1,17.56166019069928,5.922529168094576,0.0,5.563451491696996,0.0,49.718625637755096,0.0,0.0,0.25,1,0,0,0,3,0,0,0,0,0,0,0,0,6.9837
*c1ccc(CC(F)(F)C(*)(F)F)s1,17.56166019069928,6.4208216229260096,0.0,4.877147193701299,0.0,49.40340608465608,1.256273148148148,0.0,0.4285714285714285,0,0,0,0,3,0,0,0,0,0,0,0,1,6.8904
*c1ccc(CC(F)(F)C(*)(F)F)cc1,17.56166019069928,6.4208216229260096,0.0,5.563451491696996,0.0,49.72639136904762,0.0,0.0,0.3333333333333333,0,0,0,0,3,0,0,0,0,0,0,0,0,7.001
*C(=O)CC(F)(F)C(*)(F)F,17.56166019069928,4.794537184071822,0.0,6.4208216229260096,0.0,46.21145833333334,0.0,0.0,0.75,1,0,0,0,3,0,0,1,0,0,0,0,0,7.9225
*C(=S)CC(F)(F)C(*)(F)F,17.56166019069928,0.0,0.0,6.4208216229260096,0.0,47.126273148148144,4.438078703703703,0.0,0.75,0,0,0,0,3,0,0,0,1,0,0,0,0,6.438
*NCC(F)(F)C(*)(F)F,17.56166019069928,0.0,0.0,0.0,0.0,46.49673611111111,0.0,-0.8298611111111112,1.0,1,0,0,1,3,0,0,0,0,0,0,0,0,8.2676
*OCC(F)(F)C(*)(F)F,17.56166019069928,5.106527394840706,0.0,0.0,0.0,46.00173611111112,0.0,-1.0798611111111112,1.0,1,0,0,0,3,0,0,0,0,0,0,0,0,9.8385
*c1ccc(C(=O)C(F)(F)C(*)(F)F)s1,17.56166019069928,0.0,0.0,9.671684377773122,0.0,49.12678571428572,0.9148379629629628,0.0,0.2857142857142857,1,0,0,0,3,0,0,1,0,0,1,0,1,7.5565
*c1ccc(C(=O)C(F)(F)C(*)(F)F)cc1,17.56166019069928,0.0,0.0,10.357988675768818,0.0,49.49602572278911,0.0,0.0,0.2222222222222222,1,0,0,0,3,0,0,1,0,0,1,0,0,7.7091
*C(=S)C(=O)C(F)(F)C(*)(F)F,17.56166019069928,4.794537184071822,0.0,0.0,0.0,46.6294675925926,4.211226851851852,0.0,0.5,1,0,0,0,3,0,0,1,1,0,1,0,0,7.0732
*OC(=S)C(F)(F)C(*)(F)F,17.56166019069928,5.106527394840706,0.0,0.0,0.0,46.52993055555556,3.98974537037037,0.0,0.6666666666666666,1,0,0,0,2,0,0,0,1,0,0,0,0,7.093
*c1ccc(NC(F)(F)C(*)(F)F)s1,22.562742167387142,0.0,0.0,0.0,0.0,48.95368386243386,1.1451620370370368,0.0,0.3333333333333333,1,0,0,1,3,0,0,0,0,0,0,0,1,5.871
*c1ccc(NC(F)(F)C(*)(F)F)cc1,23.24904646538284,0.0,0.0,0.0,0.0,49.28889136904762,0.0,0.0,0.25,1,0,0,1,3,0,0,0,0,0,0,0,0,6.1304
*C(=O)NC(F)(F)C(*)(F)F,22.3561973747711,0.0,0.0,0.0,0.0,45.690625,0.0,0.0,0.6666666666666666,2,0,0,1,2,0,0,1,0,0,0,0,0,8.3456
*C(=S)NC(F)(F)C(*)(F)F,17.56166019069928,0.0,0.0,0.0,0.0,46.605439814814815,4.326967592592593,0.0,0.6666666666666666,1,0,0,1,2,0,0,0,1,0,0,0,0,6.3593
*NOC(F)(F)C(*)(F)F,17.56166019069928,4.8375885837366335,0.0,0.0,0.0,45.45506944444445,0.0,0.0,1.0,2,0,0,1,3,0,0,0,0,0,0,0,0,9.0368
*c1ccc(C(F)(F)CC(*)(F)F)s1,17.56166019069928,5.922529168094576,0.0,11.297968816627307,0.0,50.17847552910054,0.9909259259259258,0.0,0.4285714285714285,0,0,0,0,3,0,0,0,0,0,0,0,1,7.1393
*c1ccc(C(F)(F)CC(*)(F)F)cc1,17.56166019069928,5.922529168094576,0.0,11.984273114623004,0.0,50.57794796390779,0.0,0.0,0.3333333333333333,0,0,0,0,3,0,0,0,0,0,0,0,0,7.0413
*C(=O)C(F)(F)CC(*)(F)F,17.56166019069928,4.794537184071822,0.0,6.4208216229260096,0.0,46.19164351851852,0.0,0.0,0.75,1,0,0,0,3,0,0,1,0,0,0,0,0,8.1829
*C(=S)C(F)(F)CC(*)(F)F,17.56166019069928,0.0,0.0,6.4208216229260096,0.0,47.256458333333335,4.255231481481482,0.0,0.75,0,0,0,0,3,0,0,0,1,0,0,0,0,7.4545
*NC(F)(F)CC(*)(F)F,17.56166019069928,0.0,0.0,6.4208216229260096,0.0,46.350902777777776,0.0,0.0,1.0,1,0,0,1,3,0,0,0,0,0,0,0,0,8.5515
*OC(F)(F)CC(*)(F)F,17.56166019069928,5.106527394840706,0.0,6.4208216229260096,0.0,45.75868055555556,0.0,0.0,1.0,1,0,0,0,3,0,0,0,0,0,0,0,0,9.6085
*C(=O)C(F)(F)C(=O)C(*)(F)F,17.56166019069928,9.589074368143644,0.0,0.0,0.0,45.723634259259256,0.0,0.0,0.5,2,0,0,0,3,0,0,2,0,0,1,0,0,7.3587
*OC(F)(F)C(=O)C(*)(F)F,17.56166019069928,9.901064578912528,0.0,0.0,0.0,45.290671296296296,0.0,0.0,0.6666666666666666,2,0,0,0,3,0,0,1,0,0,1,0,0,8.7917
*OC(F)(F)C(=S)C(*)(F)F,17.56166019069928,5.106527394840706,0.0,0.0,0.0,46.46567129629629,3.9041203703703697,0.0,0.6666666666666666,1,0,0,0,3,0,0,0,1,0,0,0,0,7.385
*c1ccc(C(F)(F)NC(*)(F)F)s1,17.56166019069928,6.046463951081142,0.0,4.877147193701299,0.0,49.5951421957672,0.9284259259259258,-3.325430366591081,0.3333333333333333,1,0,0,1,3,0,0,0,0,0,0,0,1,7.3853
*c1ccc(C(F)(F)NC(*)(F)F)cc1,17.56166019069928,6.046463951081142,0.0,5.563451491696996,0.0,50.00198424508693,0.0,-3.3510554846938776,0.25,1,0,0,1,3,0,0,0,0,0,0,0,0,7.2657
*C(=O)C(F)(F)NC(*)(F)F,17.56166019069928,4.794537184071822,0.0,0.0,0.0,45.57358796296296,0.0,-3.4647916666666667,0.6666666666666666,2,0,0,1,3,0,0,1,0,0,0,0,0,8.5584
*C(=S)C(F)(F)NC(*)(F)F,17.56166019069928,0.0,0.0,0.0,0.0,46.638402777777785,4.192731481481482,-3.331458333333334,0.6666666666666666,1,0,0,1,3,0,0,0,1,0,0,0,0,7.8892
*NC(F)(F)NC(*)(F)F,17.56166019069928,0.0,0.0,0.0,0.0,45.73284722222223,0.0,-3.286875,1.0,2,0,0,2,3,0,0,0,0,0,0,0,0,8.5631
*OC(F)(F)NC(*)(F)F,17.56166019069928,5.106527394840706,0.0,0.0,0.0,45.14062500000001,0.0,-3.349375,1.0,2,0,0,1,3,0,0,0,0,0,0,0,0,9.067
*c1ccc(-c2ccc(-c3ccc(-c4ccc(*)s4)s3)cc2)cc1,0.0,0.0,0.0,0.0,0.0,0.6301390733602965,3.879327818332841,0.0,0.0,0,0,0,0,3,0,0,0,0,0,0,0,2,4.852
*C(=S)c1ccc(-c2ccc(-c3ccc(*)cc3)cc2)s1,0.0,0.0,0.0,4.877147193701299,0.0,0.4515550863637498,7.174356578379153,0.0,0.0,0,0,0,0,3,0,0,0,1,0,0,0,1,5.7249
*c1ccc(C(=S)c2ccc(-c3ccc(*)s3)s2)cc1,0.0,0.0,0.0,10.440598685398296,0.0,0.611413773766317,9.414600713423315,0.0,0.0,0,0,0,0,3,0,0,0,1,0,0,0,2,5.643
*Cc1ccc(CO*)s1,0.0,18.637146559044247,0.0,9.7542943874026,0.0,0.7027106953892669,1.9349537037037037,2.29724111866969,0.3333333333333333,1,0,0,0,3,0,0,0,0,0,0,0,1,6.0202
*C(=O)c1ccc(C(=S)c2ccc(*)s2)s1,0.0,0.0,0.0,19.42597876517572,0.0,0.0500915165448897,8.825575869236584,0.0,0.0,1,0,0,0,3,0,0,1,1,0,0,0,2,6.205
*C(=O)c1ccc(-c2ccc(-c3ccc(*)s3)s2)cc1,0.0,0.0,0.0,10.357988675768818,0.0,0.0859609211384175,3.776408395263013,0.0,0.0,1,0,0,0,3,0,0,1,0,0,0,0,2,5.5122
*C(=O)c1ccc(-c2ccc(C(*)=S)s2)cc1,0.0,0.0,0.0,15.235135869470117,0.0,-0.095814345570388,7.025772324617021,0.0,0.0,1,0,0,0,3,0,0,1,1,0,0,0,1,6.162
*C(=O)c1ccc(-c2ccc(-c3ccc(*)s3)cc2)cc1,0.0,0.0,0.0,10.357988675768818,0.0,0.0728192724578283,1.928232989119533,0.0,0.0,1,0,0,0,3,0,0,1,0,0,0,0,1,5.9085
*C(=O)c1ccc(C(=S)c2ccc(*)s2)cc1,0.0,0.0,0.0,20.798587361167115,0.0,0.0337383680132596,7.294712800243554,0.0,0.0,1,0,0,0,3,0,0,1,1,0,0,0,1,6.3469
*C(=O)c1ccc(C(=S)c2ccc(*)cc2)cc1,0.0,0.0,0.0,21.48489165916281,0.0,0.0162986804761693,5.490376984126984,0.0,0.0,1,0,0,0,3,0,0,1,1,0,0,0,0,5.8604
*Nc1ccc(C(=O)O*)s1,5.001081976687867,5.106527394840706,0.0,9.671684377773122,0.0,-0.0882945956160242,1.4824074074074072,0.0,0.0,3,0,0,1,2,0,0,1,0,0,0,0,1,6.0364
*CCCCCCNC(=S)Nc1ccc(NC(=S)N*)cc1,11.374772549367124,0.0,0.0,25.68328649170404,6.923737199690624,0.6949906021025146,10.431119942330708,2.478149982946035,0.4285714285714285,4,0,0,4,8,0,0,0,2,0,0,0,0,5.4552
*NC(=O)NC(=O)c1ccc(C(=S)c2ccc(-c3ccc(*)s3)s2)s1,4.794537184071822,0.0,0.0,19.42597876517572,0.0,-0.0376904807538753,10.467781821185117,0.0,0.0,4,0,0,2,4,0,0,2,1,1,0,0,3,5.1795
*c1ccc(C(=S)c2ccc(C(=S)C(=O)Nc3ccc(-c4ccc(*)s4)cc3)s2)s1,5.687386274683562,4.794537184071822,0.0,14.631441581103898,0.0,0.4372318313812936,16.215008839756734,0.0,0.0,2,0,0,1,6,0,0,1,2,0,0,0,3,5.6233
*OCC(=S)c1ccc(C(=S)Cc2ccc(-c3ccc(*)cc3)cc2)s1,0.0,11.527349017766715,0.0,15.317745879099594,0.0,0.230191342789836,12.747878151135934,0.5897408330500498,0.1,1,0,0,0,7,0,0,0,2,0,0,0,1,5.9175
*NC(=O)c1ccc(NC(=S)c2ccc(Nc3ccc(*)cc3)cc2)s1,16.37585452605499,0.0,0.0,15.235135869470117,0.0,0.1178624432994505,6.903789860419342,0.0,0.0,4,0,0,3,5,0,0,1,1,0,0,0,1,5.2813
*CCC(=O)OC(=O)Cc1ccc(-c2ccc(*)cc2)cc1,0.0,20.7467589448697,0.0,11.984273114623004,6.923737199690624,5.239979466703125,0.0,0.9323811982238972,0.1764705882352941,3,0,0,0,5,0,0,2,0,0,0,0,0,6.1951
*Nc1ccc(NC(=O)NONC(*)=O)s1,19.591238321519377,4.938314213673218,0.0,0.0,0.0,-0.3457677044009113,1.4498526339548163,0.0,0.0,7,0,0,4,4,0,0,2,0,0,0,0,1,5.6948
*C(=S)C(=O)CCNc1ccc(C(=S)c2ccc(*)cc2)cc1,5.687386274683562,4.794537184071822,0.0,17.54772460632,0.0,0.1131892124753426,10.54373777519871,0.6248894388640059,0.1176470588235294,2,0,0,1,7,0,0,1,2,0,1,0,0,5.8838
*c1ccc(-c2ccc(C(F)(F)C(*)(F)F)s2)s1,17.56166019069928,5.922529168094576,0.0,4.877147193701299,0.0,51.38466084813555,2.358363803854875,0.0,0.2,0,0,0,0,3,0,0,0,0,0,0,0,2,5.8176
*OC(=O)C(F)(F)C(*)(F)F,17.56166019069928,9.901064578912528,0.0,0.0,0.0,45.50493055555556,0.0,0.0,0.6666666666666666,2,0,0,0,2,0,0,1,0,0,0,0,0,9.0985
