smiles,MinAbsEStateIndex,BalabanJ,Chi1n,Chi3v,HallKierAlpha,PEOE_VSA14,SMR_VSA3,SMR_VSA5,SMR_VSA7,SlogP_VSA10,SlogP_VSA11,SlogP_VSA2,SlogP_VSA3,VSA_EState9,FractionCSP3,fr_C_S,fr_benzene,value
*CC(*)C,0.75,2.5395388613593908,0.9855985596534887,0.0,0.0,20.268296022307258,0.0,20.268296022307258,0.0,0.0,0.0,0.0,0.0,0.0,1.0,0,0,1.6081
*CC(*)F,0.0833333333333333,2.5395388613593908,0.6264661806998554,0.0,-0.07,17.98874321964035,0.0,13.598328171965532,0.0,4.39041504767482,0.0,6.674590972274908,0.0,0.0,1.0,0,0,1.6305
*CC(*)(F)F,0.0277777777777776,3.168489872670569,0.731517863602501,0.0,-0.14,22.13001203989945,0.0,13.349181944549816,0.0,8.78083009534964,0.0,6.425444744859191,0.0,0.0,1.0,0,0,1.6122
*C(F)C(*)(F)F,0.7638888888888888,3.541196965079901,0.8848574978400325,0.0824786098842322,-0.21,26.27128086015856,0.0,13.100035717134098,0.0,13.17124514302446,0.0,13.100035717134098,0.0,0.0,1.0,0,0,1.5796
*CCC(F)(F)C(*)(F)F,0.1550694444444444,4.101783752547981,1.859482336611728,0.5904700003179685,-0.28,43.25419292626969,0.0,25.692532735570403,0.0,17.56166019069928,0.0,12.347973912953767,0.0,0.0,1.0,0,0,1.5774
*CO*,0.3194444444444444,1.9747448713915892,0.2886751345948129,0.0,-0.04,12.21632493611824,0.0,0.0,0.0,0.0,0.0,7.109797541277533,5.106527394840706,1.1805555555555556,1.0,0,0,1.6434
*CCO*,0.2881944444444444,2.19060968716425,0.7886751345948129,0.0,-0.04,18.637146559044247,0.0,6.923737199690624,0.0,0.0,0.0,6.606881964512918,5.106527394840706,0.0,1.0,0,0,1.6377
*CC(O*)C(F)(F)F,0.173912037037037,3.792907831779043,1.4995723949680329,0.36508564589935,-0.25,37.48177464274757,0.0,19.2040021048824,0.0,13.17124514302446,0.0,12.280264905191778,5.106527394840706,0.0,1.0,0,0,1.4843
*CCCO*,0.2681944444444444,2.3390923149762908,1.2886751345948126,0.1443375672974064,-0.04,25.05796818197026,0.0,13.344558822616634,0.0,0.0,0.0,6.606881964512918,5.106527394840706,0.0,1.0,0,0,1.6476
*Oc1ccc(Cc2ccc(*)cc2)cc1,0.0065856592101178,2.1088517120273824,4.553965336510317,2.1188692669956835,-1.7599999999999998,83.00106745059912,0.0,6.4208216229260096,59.65783953108687,0.0,5.749511833283905,0.0,6.4208216229260096,0.0,0.0769230769230769,0,2,1.8035
*CCCCCOCO*,0.1051161344167296,2.6476048489438337,2.866025403784439,0.8720084679281461,-0.08,49.42941668772215,0.0,26.186202068468653,0.0,0.0,0.0,13.399824270612744,9.843390348640757,0.0,1.0,0,0,1.6043
*CCOC(=O)NCCOCCOCCNC(=O)O*,0.3086281244358215,3.130180123606886,5.466979035088339,1.6366393037132516,-1.54,104.77390780835437,10.633577208012662,6.923737199690624,0.0,9.589074368143644,0.0,58.31040277626656,19.31711625624085,0.0,0.8,0,0,1.6526
*c1ccc(-c2nc3cc4nc(*)oc4cc3o2)cc1,0.0186794463219426,1.912951970395641,5.436991515352813,2.7560371003289346,-2.62,101.31408502626284,9.967957041894415,0.0,36.39820241076966,0.0,0.0,9.967957041894415,0.0,0.0,0.0,0,2,2.3284
*Sc1ccc(*)cc1,0.4362962962962963,2.881555877646136,2.02549135027785,0.9598151365902804,-0.43,47.85610796583882,0.0,4.895483475517775,24.26546827384644,0.0,0.0,0.0,0.0,0.0,0.0,0,1,1.9808
*CCOC(=O)CCCCC(=O)O*,0.1085874643067099,3.2674643165825263,3.8122784967090864,1.2748513913879471,-1.06,70.58498094859569,0.0,32.60702369139466,0.0,0.0,0.0,18.545492540416618,19.432464716784395,0.0,0.75,0,0,1.6581
*CCOC(=O)CCCCCCC(=O)O*,0.0464300767240879,3.201364976875434,4.812278496709086,1.7748513913879471,-1.06,83.42662419444773,0.0,45.448666937246685,0.0,0.0,0.0,18.545492540416618,19.432464716784395,0.0,0.8,0,0,1.6577
*CCOC(=O)c1ccc(C(=O)O*)cc1,0.2941312128361188,2.706325568943869,3.926538920568458,1.5894611216143304,-1.84,80.29406571413207,0.0,6.923737199690624,35.392371257240434,0.0,0.0,18.545492540416618,9.843390348640757,0.0,0.2,0,1,1.8075
*CCCCOC(=O)c1ccc(C(=O)O*)cc1,0.3005896834680199,2.511191897655054,4.926538920568457,1.9837986889117365,-1.84,93.13570895998411,0.0,19.765380445542643,35.392371257240434,0.0,0.0,18.545492540416618,9.843390348640757,0.0,0.3333333333333333,0,1,1.7603
*CC(=O)O*,0.0648148148148151,2.9881608821342693,0.7618016810571369,0.0,-0.53,22.794107066555,0.0,6.923737199690624,0.0,0.0,0.0,5.969305287951849,9.901064578912528,0.0,0.5,0,0,1.6701
*CCCCCC(=O)O*,0.0445776643990933,2.9617756061821483,2.761801681057136,0.8809008405285682,-0.53,48.47739355825903,0.0,32.60702369139466,0.0,0.0,0.0,5.969305287951849,9.901064578912528,0.0,0.8333333333333334,0,0,1.6432
*CCC(=O)O*,0.0509259259259262,3.002590528674132,1.2618016810571366,0.2041241452319314,-0.53,29.21492868948101,0.0,13.344558822616634,0.0,0.0,0.0,5.969305287951849,9.901064578912528,0.0,0.6666666666666666,0,0,1.6631
*Oc1ccc(CC(*)=O)cc1,0.0172874149659865,2.709147824373649,2.936722276696329,1.1996447988905226,-1.31,58.18647832379543,0.0,6.4208216229260096,29.82891976554344,0.0,5.749511833283905,6.286160523129555,11.21535880699783,0.0,0.125,0,1,1.7375
*Cc1ccc(C(=O)O*)cc1,0.1484315948601657,2.843524062030637,2.8331688861030555,1.1896380335841157,-1.31,58.18647832379543,0.0,6.923737199690624,35.392371257240434,0.0,0.0,5.969305287951849,12.03026459453133,0.0,0.125,0,1,1.8426
*CCC(=O)N*,0.1246759259259259,3.002590528674132,1.307677535825205,0.2270620726159657,-0.53,29.779943213202145,5.733667477162185,13.344558822616634,0.0,0.0,0.0,5.907179729351506,4.794537184071822,0.0,0.6666666666666666,0,0,1.7036
*CCCCCCC(=O)N*,0.0865976158982111,2.9549874302986416,3.3076775358252046,1.1538387679126023,-0.53,55.46322970490618,5.733667477162185,39.02784531432067,0.0,0.0,0.0,5.907179729351506,4.794537184071822,0.0,0.8571428571428571,0,0,1.6565
*CC(=O)N*,0.1446759259259259,2.9881608821342693,0.8076775358252053,0.0,-0.53,23.359121590276136,5.733667477162185,6.923737199690624,0.0,0.0,0.0,5.907179729351506,4.794537184071822,0.0,0.5,0,0,1.7337
*Nc1cccc(C(*)=O)c1,0.1685185185185185,3.0058892189147386,2.5254913502778504,0.9804222102882484,-1.31,52.33067122459055,0.0,0.0,29.82891976554344,5.687386274683562,0.0,6.286160523129555,0.0,0.0,0.0,0,1,1.9618
*Cc1ccc(C(=O)N*)cc1,0.0227142384731671,2.843524062030637,2.879044740871124,1.2161244706837644,-1.31,58.751492847516566,5.733667477162185,6.923737199690624,35.392371257240434,0.0,0.0,5.907179729351506,6.923737199690624,0.0,0.125,0,1,1.8171
*CCCCCOC(=O)Nc1ccc(C)c(NC(=O)O*)c1,0.4404991817841124,2.491395918965853,6.343205587235125,2.5981955649294863,-2.24,117.10666854579506,0.0,33.10993926815928,23.762552697081823,20.963846917510768,0.0,18.793362106389747,9.843390348640757,0.0,0.4285714285714285,0,1,1.7297
*CCCCCCN1C(=O)c2ccc(C(=O)c3ccc4c(c3)C(=O)N(*)C4=O)cc2C1=O,0.2436626826656589,1.5436899499958234,9.707343426601582,5.310262406557256,-3.61,172.53203957724577,10.216698334856808,32.60702369139466,69.77891136095164,0.0,0.0,46.173418604540345,0.0,0.0,0.2608695652173913,0,2,1.8137
*OC(=O)c1ccc(C(*)=O)cc1,0.2484174225245656,2.9340419411151166,2.9337396407417136,1.2384535700530246,-1.64,62.34343883130618,0.0,0.0,35.392371257240434,0.0,0.0,12.255465811081404,5.106527394840706,0.0,0.0,0,1,1.869
*CCCCCOC(=O)O*,0.2884023841017888,2.9549874302986416,2.901047570290608,0.8642507701111299,-0.73,53.5863771952329,0.0,26.186202068468653,0.0,4.794537184071822,0.0,12.762247594051676,9.843390348640757,0.0,0.8333333333333334,0,0,1.6374
*Oc1ccc(OC(*)=O)cc1,0.0536649659863943,2.709147824373649,2.637863785973645,0.9832501699667509,-1.5100000000000002,56.87464033784328,0.0,0.0,24.26546827384644,4.794537184071822,11.49902366656781,6.472220864716464,0.0,0.0,0.0,0,1,1.7876
*CCCN*,0.5181944444444444,2.3390923149762908,1.3535533905932735,0.1767766952966368,-0.04,25.622982705691395,5.733667477162185,13.344558822616634,0.0,0.0,0.0,6.544756405912575,0.0,0.0,1.0,0,0,1.6776
*Oc1ccc(C(=O)c2ccc(*)cc2)cc1,0.0830498866213158,2.268204423334219,4.550982700555701,2.0969271840644508,-2.0899999999999994,87.15802795810987,0.0,0.0,59.65783953108687,0.0,5.749511833283905,5.783244946364939,0.0,0.0,0.0,0,2,1.9173
*c1ccc(*)cc1,0.4594444444444444,3.0324555320336755,1.8213672050459184,0.5515668461264174,-0.78,36.39820241076966,0.0,0.0,24.26546827384644,0.0,0.0,0.0,0.0,0.0,0.0,0,1,2.0982
*CCc1ccc(-c2ccc(*)cc2)cc1,0.3514969153154579,2.238556210452561,4.746287800685112,2.2941777539098296,-1.5599999999999996,84.63221691386212,0.0,13.344558822616634,54.09438803938988,0.0,0.0,0.0,6.4208216229260096,0.0,0.1428571428571428,0,2,1.872
*OC1C(CO)OC(*)C(O)C1O,0.149537037037037,2.686091484209442,3.2813139504949045,1.6256742665476047,-0.2,62.79260201318191,0.0,31.02274751550613,0.0,0.0,0.0,52.94921166454116,9.843390348640757,0.0,1.0,0,0,1.6879
*Cc1ccc(CO*)cc1,0.1208042800453513,2.664537066654608,2.817149120827279,1.1896380335841157,-0.8200000000000001,54.029517816284674,0.0,13.530619164203545,35.392371257240434,0.0,0.0,0.0,18.637146559044247,0.0,0.25,0,1,1.7774
*CCOCCOC(=O)O*,0.3243981481481484,2.9549874302986416,2.478397839480233,0.59192167074187,-0.77,52.27453920928076,0.0,6.923737199690624,0.0,4.794537184071822,0.0,25.97601152307751,14.580253302440804,0.0,0.8,0,0,1.6326
*CCC(O*)(C(F)(F)F)C(F)(F)F,0.0190277777777778,5.208377949667092,2.691570954852886,1.26788231518466,-0.46,62.7472243493769,0.0,31.298206668487268,0.0,26.34249028604892,0.0,17.953647845870638,5.106527394840706,0.0,1.0,0,0,1.5724
*Oc1ccc(-c2ccc(C(*)=O)cc2)cc1,0.0459823680007664,2.2938665692343942,4.550982700555701,2.1904009192718807,-2.09,87.15802795810987,0.0,0.0,54.09438803938988,0.0,5.749511833283905,6.286160523129555,0.0,0.0,0.0,0,2,1.9035
*Nc1ccc(*)cc1,0.3274074074074073,2.881555877646136,2.0713672050459184,0.7182335127930841,-0.98,41.752889094153794,0.0,0.0,24.26546827384644,5.687386274683562,0.0,0.0,0.0,0.0,0.0,0,1,2.124
*c1cccc(*)n1,0.3558333333333333,3.077660437970554,1.6912305313562506,0.4706207331034419,-0.8500000000000001,35.57676686955819,4.9839785209472085,0.0,18.19910120538483,0.0,0.0,4.9839785209472085,0.0,0.0,0.0,0,0,1.9952
*CC(CC(CC(CC(*)c1ccccc1)c1ccccc1)c1ccccc1)c1ccccc1,0.2126672405009346,1.6247455096935708,11.655172981718133,6.388645902935892,-3.1199999999999983,193.94188916589903,0.0,50.36074182987885,143.58114733602022,0.0,0.0,0.0,0.0,0.0,0.25,0,4,1.6244
*c1ccc2oc(-c3ccc4nc(*)oc4c3)nc2c1,0.0104492485061569,1.903109728238475,5.436991515352814,2.760519920408656,-2.62,101.31408502626282,9.967957041894415,0.0,36.39820241076966,0.0,0.0,9.967957041894415,0.0,0.0,0.0,0,2,2.116
*Cc1ccc(C*)cc1,0.5672033257747544,2.7972512629697874,2.528473986232466,1.0229713669174492,-0.78,49.23984565662168,0.0,13.847474399381248,35.392371257240434,0.0,0.0,0.0,13.847474399381248,0.0,0.25,0,1,1.9676
*CCCOC(=O)CCCCCCCCOC(=O)CCCOC(=O)CCCCCCCCOC(*)=O,0.0140835170505437,3.355753816996534,12.848353872014524,5.170189559482608,-2.12,169.42416261479428,0.0,116.07770478943284,0.0,4.794537184071822,0.0,50.80766458662368,33.33106336741566,0.0,0.8461538461538461,0,0,1.6306
*CC(CC(CC(*)c1ccccn1)c1ccccn1)c1ccccn1,0.1698494583018392,1.815127381006223,8.218709322379613,4.0804053196374985,-2.55,143.24356803917215,14.951935562841626,38.02201416079144,90.26961831553912,0.0,0.0,14.951935562841626,0.0,0.0,0.2857142857142857,0,0,1.7108
*Oc1ccc(-c2ccc(-c3ccc(*)s3)s2)s1,0.0026371159370797,1.933629767577347,4.660919824192399,5.297925641797731,-1.1,105.4669465199739,0.0,0.0,36.39820241076966,0.0,5.0632075352882095,0.0,0.0,0.0,0.0,0,0,2.2729
*C(=S)Oc1ccc(-c2ccc(*)s2)s1,0.0351355557655161,2.2334160860502,3.50023622166944,3.476976584064968,-0.71,89.64488435682253,0.0,0.0,24.26546827384644,0.0,5.0632075352882095,5.553543237103148,0.0,0.0,0.0,1,0,2.2317
*Oc1ccc(C(=S)c2ccc(*)s2)s1,0.0160917684975223,2.276791863299917,3.5461120764375083,3.91024147077806,-0.71,89.32557287951167,0.0,0.0,34.01976266124904,0.0,5.0632075352882095,4.864567318751625,0.0,0.0,0.0,1,0,2.0575
*C(=S)OC(=S)c1ccc(*)s1,0.0006802721088434,2.716322890255734,2.3854284739145486,2.118294753351251,-0.32,73.5035107163603,0.0,0.0,17.00988133062452,0.0,0.0,10.604170897441684,4.736862953800049,0.0,0.0,2,0,2.2971
*Oc1ccc(Oc2ccc(*)s2)s1,0.0125959257159653,2.102852645102257,3.25023622166944,2.6372453042106296,-1.0,77.35211575468722,0.0,0.0,24.26546827384644,0.0,15.189622605864628,0.0,0.0,0.0,0.0,0,0,1.867
*OC(=S)Oc1ccc(*)s1,0.13359693877551,2.5725016835725403,2.1354284739145486,1.3887686278999931,-0.6100000000000001,61.21074211422497,0.0,0.0,12.13273413692322,0.0,5.0632075352882095,5.236688001925443,5.106527394840706,0.0,0.0,1,0,1.9459
*c1ccc(-c2ccc(-c3ccc(-c4ccc(*)s4)s3)s2)cc1,0.3131502453585231,1.6419110975860638,6.528162884006386,6.579764272364057,-1.6799999999999993,136.06964561755134,0.0,0.0,60.6636706846161,0.0,0.0,0.0,0.0,0.0,0.0,0,1,2.9445
*Oc1ccc(-c2ccc(-c3ccc(*)cc3)s2)s1,0.0116882331700152,1.9221115935676476,5.163355136251496,4.642931031276396,-1.5799999999999996,107.6355033749538,0.0,0.0,48.53093654769288,0.0,5.0632075352882095,0.0,0.0,0.0,0.0,0,1,2.1712
*c1ccc(-c2ccc(-c3ccc(-c4ccc(*)s4)cc3)s2)cc1,0.3073743632689547,1.6117237982135977,7.030598196065482,5.56334321958544,-2.1599999999999997,138.2382024725312,0.0,0.0,72.79640482153933,0.0,0.0,0.0,0.0,0.0,0.0,0,2,2.033
*C(=S)c1ccc(-c2ccc(-c3ccc(*)cc3)s2)cc1,0.1355877828960647,1.9045869153723525,5.915790448310592,4.315115096271024,-1.7699999999999996,122.096828832069,0.0,0.0,66.2271221763131,0.0,0.0,5.36748289551624,0.0,0.0,0.0,1,2,2.3194
*Oc1ccc(-c2ccc(-c3ccc(*)cc3)s2)cc1,0.0264492541409722,1.9054977594361533,5.665790448310592,3.9309778024990383,-2.06,109.80406022993368,0.0,0.0,60.6636706846161,0.0,5.749511833283905,0.0,0.0,0.0,0.0,0,2,2.1267
*c1ccc(-c2ccc(C(=S)c3ccc(*)s3)s2)cc1,0.293358063126281,1.9004614026509123,5.413355136251495,5.192080101344387,-1.2899999999999996,119.92827197708914,0.0,0.0,58.28523093509548,0.0,0.0,4.864567318751625,0.0,0.0,0.0,1,1,2.8943
*c1ccc(-c2ccc(Oc3ccc(*)s3)s2)cc1,0.2940988038670217,1.8091044533290097,5.117479281483426,3.91908393477696,-1.5799999999999996,107.95481485226466,0.0,0.0,48.53093654769288,0.0,10.12641507057642,0.0,0.0,0.0,0.0,0,1,2.1868
*C(=S)Oc1ccc(-c2ccc(*)cc2)s1,0.0217494960947343,2.241169311999731,4.002671533728536,2.8219819735436324,-1.1899999999999995,91.81344121180244,0.0,0.0,36.39820241076966,0.0,5.0632075352882095,5.553543237103148,0.0,0.0,0.0,1,1,2.1962
*Oc1ccc(-c2ccc(-c3ccc(*)cc3)cc2)s1,0.0201686261490345,1.8875486952644676,5.665790448310592,3.7312899212378383,-2.059999999999999,109.80406022993368,0.0,0.0,60.6636706846161,0.0,5.0632075352882095,0.0,0.0,0.0,0.0,0,2,2.1534
*c1ccc(-c2ccc(-c3ccc(-c4ccc(*)s4)cc3)cc2)cc1,0.3015399670104512,1.5827738736289825,7.533033508124578,4.7564820522869455,-2.639999999999999,140.4067593275111,0.0,0.0,84.92913895846256,0.0,0.0,0.0,0.0,0.0,0.0,0,3,2.2986
*C(=S)c1ccc(-c2ccc(-c3ccc(*)cc3)cc2)cc1,0.1285967667432033,1.872001422146861,6.418225760369688,3.5082539289725263,-2.249999999999999,124.2653856870489,0.0,0.0,78.35985631323634,0.0,0.0,5.36748289551624,0.0,0.0,0.0,1,3,2.0777
*Oc1ccc(-c2ccc(-c3ccc(*)cc3)cc2)cc1,0.0334402702938336,1.8726978379111328,6.168225760369688,3.1241166352005405,-2.539999999999999,111.97261708491357,0.0,0.0,72.79640482153933,0.0,5.749511833283905,0.0,0.0,0.0,0.0,0,3,1.9034
*OC(=S)c1ccc(-c2ccc(*)cc2)cc1,0.1171860717044699,2.28940133813224,4.550982700555701,2.407871546377199,-1.6699999999999997,93.66268658947143,0.0,0.0,54.09438803938988,0.0,0.0,5.050627660338535,5.106527394840706,0.0,0.0,1,2,2.0445
*C(=S)c1ccc(C(=S)c2ccc(*)cc2)s1,0.1325592088687327,2.301131634516727,4.298547388496605,3.862927652754725,-0.9000000000000001,103.78689833662688,0.0,0.0,51.71594828986925,0.0,0.0,10.232050214267865,0.0,0.0,0.0,2,1,2.4956
*Oc1ccc(C(=S)c2ccc(*)cc2)s1,0.0294778281683041,2.2762854936030408,4.048547388496605,3.2677658969447823,-1.1899999999999995,91.49412973449157,0.0,0.0,46.83880109616796,0.0,5.0632075352882095,4.864567318751625,0.0,0.0,0.0,1,1,2.0044
*C(=S)c1ccc(C(=S)c2ccc(*)cc2)cc1,0.1235546690362705,2.284394871094497,4.800982700555701,2.9524689986274693,-1.38,105.95545519160676,0.0,0.0,65.22129102278387,0.0,0.0,10.232050214267865,0.0,0.0,0.0,2,2,1.8941
*Oc1ccc(C(=S)c2ccc(*)cc2)cc1,0.0384823680007664,2.268204423334219,4.550982700555701,2.568331704855483,-1.6699999999999997,93.66268658947143,0.0,0.0,59.65783953108687,0.0,5.749511833283905,4.864567318751625,0.0,0.0,0.0,1,2,2.0867
*C(=S)OC(=S)c1ccc(*)cc1,0.0225292894935751,2.776706823371711,2.887863785973645,1.490669069892099,-0.8,75.67206757134018,0.0,0.0,29.82891976554344,0.0,0.0,10.604170897441684,4.736862953800049,0.0,0.0,2,1,2.1589
*Oc1ccc(Oc2ccc(*)cc2)s1,0.0259819853867471,2.1084339600840583,3.752671533728536,2.2206440827894327,-1.4799999999999998,79.52067260966709,0.0,0.0,36.39820241076966,0.0,15.875926903860323,0.0,0.0,0.0,0.0,0,1,1.8525
*c1ccc(OC(=S)c2ccc(*)s2)cc1,0.279064310909549,2.1031673189661504,4.002671533728536,2.798795493163381,-1.19,91.81344121180244,0.0,0.0,41.27534960447096,0.0,5.749511833283905,5.050627660338535,0.0,0.0,0.0,1,1,2.2131
*OC(=S)Oc1ccc(*)cc1,0.1554459561602417,2.6449316670687724,2.637863785973645,0.9721674064787964,-1.09,63.37929896920485,0.0,0.0,24.26546827384644,0.0,5.749511833283905,5.236688001925443,5.106527394840706,0.0,0.0,1,1,1.8793
*Cc1ccc(-c2ccc(-c3ccc(*)s3)s2)s1,0.3600074553339344,1.933629767577347,4.810349069553741,5.439241741197621,-0.8999999999999997,107.0980959832369,0.0,6.923737199690624,41.27534960447096,0.0,0.0,0.0,6.923737199690624,0.0,0.0769230769230769,0,0,2.0574
*Cc1ccc(-c2ccc(C(*)=S)s2)s1,0.1935649722852103,2.3233777830440703,3.69554132179885,4.097570255919898,-0.51,90.95672234277468,0.0,6.923737199690624,34.01976266124904,0.0,0.0,5.36748289551624,6.923737199690624,0.0,0.1,1,0,2.1956
*Cc1ccc(-c2ccc(O*)s2)s1,0.0315279352481732,2.2919551642465743,3.44554132179885,3.5024085001099565,-0.8,78.66395374063936,0.0,6.923737199690624,29.14261546754774,0.0,5.0632075352882095,0.0,6.923737199690624,0.0,0.1111111111111111,0,0,1.9533
*Cc1ccc(-c2ccc(-c3ccc(*)s3)cc2)s1,0.3481976346298135,1.8980389987950737,5.312784381612837,4.422820688419002,-1.3799999999999997,109.2666528382168,0.0,6.923737199690624,53.40808374139418,0.0,0.0,0.0,6.923737199690624,0.0,0.0666666666666666,0,1,1.9468
*Cc1ccc(-c2ccc(C(*)=S)cc2)s1,0.1716170372469975,2.303615435117306,4.197976633857946,3.174592565104584,-0.99,93.12527919775457,0.0,6.923737199690624,46.83880109616796,0.0,0.0,5.36748289551624,6.923737199690624,0.0,0.0833333333333333,1,1,2.0986
*Cc1ccc(-c2ccc(O*)cc2)s1,0.0095800002099604,2.2828348805536858,3.9479766338579463,2.790455271332598,-1.28,80.83251059561923,0.0,6.923737199690624,41.27534960447096,0.0,5.749511833283905,0.0,6.923737199690624,0.0,0.0909090909090909,0,1,1.9368
*Cc1ccc(Cc2ccc(*)s2)s1,0.4173149722852103,2.102852645102257,3.698523957753466,3.330479319336695,-0.6000000000000001,80.29510320390236,0.0,13.344558822616634,38.89690985495034,0.0,0.0,0.0,13.344558822616634,0.0,0.2,0,0,1.8382
*Cc1ccc(CC(*)=S)s1,0.3099811035525321,2.6495075543905027,2.583716209998575,2.0489247511863904,-0.21,64.15372956344012,0.0,13.344558822616634,21.88702852432582,0.0,0.0,5.36748289551624,13.344558822616634,0.0,0.2857142857142857,1,0,1.8463
*Cc1ccc(C(=O)c2ccc(*)s2)s1,0.2324074074074074,2.276791863299917,3.69554132179885,3.315855309782434,-0.9300000000000002,84.4520637114131,0.0,6.923737199690624,38.89690985495034,0.0,0.0,5.783244946364939,6.923737199690624,0.0,0.1,0,0,2.0215
*Cc1ccc(C(=O)C(*)=S)s1,0.0835374149659864,2.8897596494816566,2.580733574043959,2.1031995043870992,-0.5400000000000001,68.31069007095087,0.0,6.923737199690624,21.88702852432582,0.0,0.0,11.150727841881178,6.923737199690624,0.0,0.1428571428571428,1,0,1.9676
*Cc1ccc(C(=O)O*)s1,0.1021296296296294,2.799121632357869,2.330733574043959,1.7837700679893775,-0.8300000000000001,56.01792146881555,0.0,6.923737199690624,21.88702852432582,0.0,0.0,5.969305287951849,12.03026459453133,0.0,0.1666666666666666,0,0,1.8582
*Cc1ccc(C(=S)c2ccc(*)s2)s1,0.3365742315444696,2.276791863299917,3.69554132179885,4.05155757017795,-0.5100000000000001,90.95672234277468,0.0,6.923737199690624,38.89690985495034,0.0,0.0,4.864567318751625,6.923737199690624,0.0,0.1,1,0,2.0063
*Cc1ccc(C(=S)O*)s1,0.0372411186696901,2.799121632357869,2.330733574043959,2.151621198187136,-0.4100000000000001,62.52258010017711,0.0,6.923737199690624,21.88702852432582,0.0,0.0,5.050627660338535,12.03026459453133,0.0,0.1666666666666666,1,0,2.0221
*Cc1ccc(Nc2ccc(*)s2)s1,0.3773149722852104,2.102852645102257,3.491417176566918,2.948004179584676,-0.7999999999999998,79.43893975095583,0.0,6.923737199690624,29.14261546754774,10.002163953375732,0.0,0.0,6.923737199690624,0.0,0.1111111111111111,0,0,1.8772
*Cc1ccc(NC(*)=S)s1,0.1988699924414211,2.6495075543905027,2.3766094288120274,1.7942739392882203,-0.41,63.297566110493584,0.0,6.923737199690624,17.00988133062452,5.001081976687867,0.0,5.491417678502805,6.923737199690624,0.0,0.1666666666666666,1,0,1.9817
*Cc1ccc(NO*)s1,0.036832955404384,2.5918163053361463,2.1266094288120274,1.5998445028904986,-0.54,50.95883600783624,0.0,6.923737199690624,17.00988133062452,5.001081976687867,0.0,0.0,12.130990224467917,0.0,0.2,0,0,1.8806
*Cc1ccc(Oc2ccc(*)s2)s1,0.3373149722852103,2.102852645102257,3.3996654670307818,2.7785614036105204,-0.7999999999999998,78.98326521795022,0.0,6.923737199690624,29.14261546754774,0.0,10.12641507057642,0.0,6.923737199690624,0.0,0.1111111111111111,0,0,1.8388
*Cc1ccc(OC(*)=S)s1,0.0877588813303099,2.6495075543905027,2.2848577192758905,1.6814594423771938,-0.41,62.84189157748798,0.0,6.923737199690624,17.00988133062452,0.0,5.0632075352882095,5.553543237103148,6.923737199690624,0.0,0.1666666666666666,1,0,1.9478
*Cc1ccc(-c2ccc(-c3ccc(*)s3)s2)cc1,0.349766876141335,1.914902758589856,5.312784381612837,4.685591909927934,-1.3799999999999994,109.2666528382168,0.0,6.923737199690624,54.09438803938988,0.0,0.0,0.0,6.923737199690624,0.0,0.0666666666666666,0,1,1.9768
*Cc1ccc(-c2ccc(-c3ccc(*)cc3)s2)cc1,0.3251217054668464,1.9054977594361533,5.815219693671934,4.030597299406599,-1.8599999999999997,111.4352096931967,0.0,6.923737199690624,66.2271221763131,0.0,0.0,0.0,6.923737199690624,0.0,0.0588235294117647,0,2,1.9726
*Cc1ccc(-c2ccc(C(*)=S)s2)cc1,0.177897665238935,2.3115864006790567,4.197976633857946,3.343920424650212,-0.99,93.12527919775457,0.0,6.923737199690624,46.83880109616796,0.0,0.0,5.36748289551624,6.923737199690624,0.0,0.0833333333333333,1,1,2.0798
*Cc1ccc(-c2ccc(-c3ccc(*)s3)cc2)cc1,0.3396601597374435,1.8816231251221465,5.815219693671933,3.773950799889377,-1.8599999999999997,111.4352096931967,0.0,6.923737199690624,66.2271221763131,0.0,0.0,0.0,6.923737199690624,0.0,0.0588235294117647,0,2,2.0164
*Cc1ccc(-c2ccc(-c3ccc(*)cc3)cc2)cc1,0.3170488719613207,1.8726978379111328,6.31765500573103,3.223736132108101,-2.339999999999999,113.60376654817658,0.0,6.923737199690624,78.35985631323634,0.0,0.0,0.0,6.923737199690624,0.0,0.0526315789473684,0,3,1.8915
*Cc1ccc(-c2ccc(C(*)=S)cc2)cc1,0.1590987461712569,2.2938665692343942,4.700411945917043,2.525722676574958,-1.4699999999999998,95.29383605273443,0.0,6.923737199690624,59.65783953108687,0.0,0.0,5.36748289551624,6.923737199690624,0.0,0.0714285714285714,1,2,2.0502
*Cc1ccc(-c2ccc(O*)cc2)cc1,0.00293829086578,2.275124195489887,4.450411945917043,2.141585382802972,-1.7599999999999998,83.00106745059912,0.0,6.923737199690624,54.09438803938988,0.0,5.749511833283905,0.0,6.923737199690624,0.0,0.0769230769230769,0,2,1.8665
*Cc1ccc(Cc2ccc(*)s2)cc1,0.401647665238935,2.105655381485372,4.200959269812563,2.725156431245794,-1.08,82.46366005888224,0.0,13.344558822616634,52.40225258786495,0.0,0.0,0.0,13.344558822616634,0.0,0.1666666666666666,0,1,1.8173
*Cc1ccc(Cc2ccc(*)cc2)cc1,0.3652098572823681,2.1088517120273824,4.703394581871659,2.218488763903245,-1.5599999999999996,84.63221691386212,0.0,13.344558822616634,65.22129102278387,0.0,0.0,0.0,13.344558822616634,0.0,0.1428571428571428,0,2,1.8203
*Cc1ccc(CC(*)=S)cc1,0.2828413170823884,2.709147824373649,3.0861515220576714,1.4436018630954903,-0.6900000000000001,66.32228641841999,0.0,13.344558822616634,35.392371257240434,0.0,0.0,5.36748289551624,13.344558822616634,0.0,0.2222222222222222,1,1,1.8601
*Cc1ccc(C(=O)c2ccc(*)s2)cc1,0.186105442176871,2.268259429656968,4.197976633857946,2.7068733850030475,-1.41,86.620620566393,0.0,6.923737199690624,52.40225258786495,0.0,0.0,5.783244946364939,6.923737199690624,0.0,0.0833333333333333,0,1,1.9009
*Cc1ccc(C(=O)c2ccc(*)cc2)cc1,0.1386054421768714,2.268204423334219,4.700411945917043,2.196546680972012,-1.89,88.78917742137288,0.0,6.923737199690624,65.22129102278387,0.0,0.0,5.783244946364939,6.923737199690624,0.0,0.0714285714285714,0,2,1.9018
*Cc1ccc(C(=O)C(*)=S)cc1,0.0876795162509453,2.921307190634043,3.0831688861030555,1.494217579607713,-1.02,70.47924692593077,0.0,6.923737199690624,35.392371257240434,0.0,0.0,11.150727841881178,6.923737199690624,0.0,0.1111111111111111,1,1,1.9454
*Cc1ccc(C(=S)c2ccc(*)s2)cc1,0.3209069244981943,2.268259429656968,4.197976633857946,3.310426775596321,-0.99,93.12527919775457,0.0,6.923737199690624,52.40225258786495,0.0,0.0,4.864567318751625,6.923737199690624,0.0,0.0833333333333333,1,1,1.9663
*Cc1ccc(C(=S)c2ccc(*)cc2)cc1,0.3061584589452555,2.268204423334219,4.700411945917043,2.6679512017630445,-1.4699999999999998,95.29383605273443,0.0,6.923737199690624,65.22129102278387,0.0,0.0,4.864567318751625,6.923737199690624,0.0,0.0714285714285714,1,2,1.9675
*Cc1ccc(C(=S)O*)cc1,0.0643809051398336,2.843524062030637,2.8331688861030555,1.4253402939796316,-0.8900000000000001,64.69113695515699,0.0,6.923737199690624,35.392371257240434,0.0,0.0,5.050627660338535,12.03026459453133,0.0,0.125,1,1,1.8934
*Cc1ccc(Nc2ccc(*)s2)cc1,0.3616476652389351,2.105655381485372,3.993852488626015,2.4050966897064106,-1.2799999999999998,81.6074966059357,0.0,6.923737199690624,41.96165390246666,10.688468251371429,0.0,0.0,6.923737199690624,0.0,0.0909090909090909,0,1,1.8937
*Cc1ccc(Nc2ccc(*)cc2)cc1,0.3374320795045902,2.1088517120273824,4.496287800685112,1.960844420576497,-1.7599999999999991,83.77605346091558,0.0,6.923737199690624,54.09438803938988,11.374772549367124,0.0,0.0,6.923737199690624,0.0,0.0769230769230769,0,2,1.8879
*Cc1ccc(NC(*)=S)cc1,0.1717302059712774,2.709147824373649,2.879044740871124,1.251366449409955,-0.89,65.46612296547345,0.0,6.923737199690624,29.82891976554344,5.687386274683562,0.0,5.491417678502805,6.923737199690624,0.0,0.125,1,1,1.9161
*Cc1ccc(Oc2ccc(*)s2)cc1,0.321647665238935,2.105655381485372,3.9021007790898783,2.263304961440972,-1.2799999999999998,81.1518220729301,0.0,6.923737199690624,41.96165390246666,0.0,10.812719368572116,0.0,6.923737199690624,0.0,0.0909090909090909,0,1,1.8289
*Cc1ccc(OC(*)=S)cc1,0.0606190948601662,2.709147824373649,2.787293031334987,1.1662030002076451,-0.89,65.01044843246785,0.0,6.923737199690624,29.82891976554344,0.0,5.749511833283905,5.553543237103148,6.923737199690624,0.0,0.125,1,1,1.8273
*CCc1ccc(-c2ccc(*)s2)s1,0.3998714254220207,2.241849543084424,3.741417176566919,3.759890903511283,-0.6000000000000001,80.29510320390236,0.0,13.344558822616634,29.14261546754774,0.0,0.0,0.0,6.4208216229260096,0.0,0.2,0,0,1.9248
*CCc1ccc(C(*)=S)s1,0.257619992441421,2.732617316782816,2.626609428812028,2.4182194182335603,-0.21,64.15372956344012,0.0,13.344558822616634,21.88702852432582,0.0,0.0,5.36748289551624,6.4208216229260096,0.0,0.2857142857142857,1,0,2.0043
*CCc1ccc(O*)s1,0.095582955404384,2.591816305336146,2.3766094288120274,1.8230576624236183,-0.5,51.8609609613048,0.0,13.344558822616634,17.00988133062452,0.0,5.0632075352882095,0.0,6.4208216229260096,0.0,0.3333333333333333,0,0,1.7996
*CCc1ccc(-c2ccc(*)s2)cc1,0.3808349080372889,2.231956505158513,4.243852488626016,2.8443924216911056,-1.08,82.46366005888224,0.0,13.344558822616634,41.96165390246666,0.0,0.0,0.0,6.4208216229260096,0.0,0.1666666666666666,0,1,1.9106
*CCc1ccc(C(*)=S)cc1,0.2214278628117914,2.780862288870475,3.1290447408711244,1.5961642983766868,-0.6900000000000001,66.32228641841999,0.0,13.344558822616634,35.392371257240434,0.0,0.0,5.36748289551624,6.4208216229260096,0.0,0.2222222222222222,1,1,1.9173
*CCc1ccc(O*)cc1,0.0593908257747543,2.664537066654608,2.879044740871124,1.2120270046047006,-0.98,54.029517816284674,0.0,13.344558822616634,29.82891976554344,0.0,5.749511833283905,0.0,6.4208216229260096,0.0,0.25,0,1,1.7865
*CCCc1ccc(*)s1,0.481369992441421,2.422977777805392,2.672485283580096,1.8067929759762784,-0.3,53.49211042456781,0.0,19.765380445542643,17.00988133062452,0.0,0.0,0.0,6.4208216229260096,0.0,0.4285714285714285,0,0,1.7538
*CCCc1ccc(*)cc1,0.4275389739229025,2.51863794324683,3.1749205956391924,1.2527209364133831,-0.78,55.66066727954769,0.0,19.765380445542643,29.82891976554344,0.0,0.0,0.0,6.4208216229260096,0.0,0.3333333333333333,0,1,1.7489
*CCCC(*)=O,0.0598611111111111,2.8219389370591843,1.557677535825205,0.2788387679126026,-0.33,30.84607815274402,0.0,19.765380445542643,0.0,0.0,0.0,6.286160523129555,4.794537184071822,0.0,0.75,0,0,1.6556
*CCCC(*)=S,0.4302314814814815,2.8219389370591843,1.557677535825205,0.482962913144534,0.09,37.35073678410558,0.0,19.765380445542643,0.0,0.0,0.0,5.36748289551624,0.0,0.0,0.75,1,0,1.7702
*CCC(=O)c1ccc(*)s1,0.3080366591080876,2.685447835960937,2.6266094288120274,1.8111175179246723,-0.6300000000000001,57.64907093207856,0.0,13.344558822616634,17.00988133062452,0.0,0.0,5.783244946364939,0.0,0.0,0.2857142857142857,0,0,1.8757
*CCC(=O)c1ccc(*)cc1,0.3004603647014361,2.753742758109602,3.129044740871124,1.2672708608387395,-1.11,59.817627787058434,0.0,13.344558822616634,29.82891976554344,0.0,0.0,5.783244946364939,0.0,0.0,0.2222222222222222,0,1,1.8245
*CCC(=O)C(*)=S,0.036712962962963,3.4904530666021536,1.5118016810571366,0.5685684235620754,-0.24,41.50769729161632,0.0,13.344558822616634,0.0,0.0,0.0,11.150727841881178,4.794537184071822,0.0,0.5,1,0,1.9627
*CCC(=S)O*,0.0830092592592592,3.002590528674132,1.2618016810571366,0.4082482904638629,-0.11,35.71958732084257,0.0,13.344558822616634,0.0,0.0,0.0,5.050627660338535,5.106527394840706,0.0,0.6666666666666666,1,0,1.8214
*CCNc1ccc(*)s1,0.441369992441421,2.422977777805392,2.422485283580096,1.5251298802098276,-0.5000000000000001,52.63594697162127,0.0,6.923737199690624,12.13273413692322,5.001081976687867,0.0,6.544756405912575,0.0,0.0,0.3333333333333333,0,0,1.8184
*CCNc1ccc(*)cc1,0.3997611961451247,2.51863794324683,2.9249205956391924,1.0473576580250157,-0.98,54.80450382660114,0.0,6.923737199690624,24.26546827384644,5.687386274683562,0.0,6.544756405912575,0.0,0.0,0.25,0,1,1.7816
*CCNC(*)=S,0.3191203703703704,2.8219389370591843,1.307677535825205,0.3415063509461096,-0.11,36.49457333115903,5.316788604006331,6.923737199690624,0.0,0.0,0.0,12.03617408441538,0.0,0.0,0.6666666666666666,1,0,1.8641
*CCON*,0.2959722222222222,2.3390923149762908,0.9927992798267444,0.1020620726159657,-0.08,24.26518321921723,5.896975471277056,6.923737199690624,0.0,0.0,0.0,6.606881964512918,4.8375885837366335,0.0,1.0,0,0,1.7034
*CC(=O)c1ccc(-c2ccc(*)s2)s1,0.2018022224321827,2.3118804253974456,3.69554132179885,3.713930068140349,-0.9300000000000002,84.4520637114131,0.0,6.923737199690624,29.14261546754774,0.0,0.0,5.783244946364939,0.0,0.0,0.1,0,0,2.0695
*CC(=O)c1ccc(-c2ccc(*)cc2)s1,0.1884161627614008,2.3116410931172133,4.197976633857946,3.058935457619013,-1.41,86.620620566393,0.0,6.923737199690624,41.27534960447096,0.0,0.0,5.783244946364939,0.0,0.0,0.0833333333333333,0,1,2.0173
*CC(=O)c1ccc(C(*)=O)s1,0.1572741874527589,2.9120812188252145,2.580733574043959,2.0044074526648674,-0.9600000000000002,61.80603143958931,0.0,6.923737199690624,21.88702852432582,0.0,0.0,12.069405469494496,0.0,0.0,0.1428571428571428,0,0,1.9246
*CC(=O)c1ccc(C(*)=S)s1,0.1305413832199545,2.9120812188252145,2.580733574043959,2.3722585828626253,-0.5400000000000001,68.31069007095087,0.0,6.923737199690624,21.88702852432582,0.0,0.0,11.150727841881178,0.0,0.0,0.1428571428571428,1,0,2.0669
*CC(=O)c1ccc(O*)s1,0.0314956538170823,2.7991216323578683,2.330733574043959,1.7770968270526837,-0.8300000000000001,56.01792146881555,0.0,6.923737199690624,17.00988133062452,0.0,5.0632075352882095,5.783244946364939,0.0,0.0,0.1666666666666666,0,0,1.9109
*CC(=O)c1ccc(-c2ccc(*)s2)cc1,0.1853811833375324,2.2889549831233023,4.197976633857946,2.808656968797133,-1.41,86.620620566393,0.0,6.923737199690624,41.96165390246666,0.0,0.0,5.783244946364939,0.0,0.0,0.0833333333333333,0,1,2.0511
*CC(=O)c1ccc(-c2ccc(*)cc2)cc1,0.1744805949621964,2.28940133813224,4.700411945917043,2.258442301015857,-1.89,88.78917742137288,0.0,6.923737199690624,54.09438803938988,0.0,0.0,5.783244946364939,0.0,0.0,0.0714285714285714,0,2,1.9046
*CC(=O)c1ccc(C(*)=O)cc1,0.1506075207860921,2.9340419411151166,3.0831688861030555,1.324726585087198,-1.44,63.97458829456919,0.0,6.923737199690624,35.392371257240434,0.0,0.0,12.069405469494496,0.0,0.0,0.1111111111111111,0,1,1.8797
*CC(=O)c1ccc(C(*)=S)cc1,0.1242765022675735,2.9340419411151166,3.0831688861030555,1.5604288454827142,-1.02,70.47924692593077,0.0,6.923737199690624,35.392371257240434,0.0,0.0,11.150727841881178,0.0,0.0,0.1111111111111111,1,1,2.0297
*CC(=O)c1ccc(O*)cc1,0.0377605347694633,2.843524062030637,2.8331688861030555,1.176291551710728,-1.31,58.18647832379543,0.0,6.923737199690624,29.82891976554344,0.0,5.749511833283905,5.783244946364939,0.0,0.0,0.125,0,1,1.7866
*CC(=O)Cc1ccc(*)s1,0.2830697278911565,2.5725016835725403,2.5837162099985758,1.6952297027451166,-0.6300000000000001,57.64907093207856,0.0,13.344558822616634,17.00988133062452,0.0,0.0,5.783244946364939,11.21535880699783,0.0,0.2857142857142857,0,0,1.799
*CC(=O)Cc1ccc(*)cc1,0.2612207105064248,2.6449316670687724,3.086151522057672,1.188562035402568,-1.11,59.817627787058434,0.0,13.344558822616634,29.82891976554344,0.0,0.0,5.783244946364939,11.21535880699783,0.0,0.2222222222222222,0,1,1.7624
*CC(=O)CC(*)=O,0.1905555555555556,3.3954996118673995,1.4689084622436843,0.2693375672974064,-0.66,35.003038660254774,0.0,13.344558822616634,0.0,0.0,0.0,12.069405469494496,9.589074368143644,0.0,0.5,0,0,1.7565
*CC(=O)CC(*)=S,0.1798148148148148,3.3954996118673995,1.4689084622436843,0.4136751345948128,-0.24,41.50769729161632,0.0,13.344558822616634,0.0,0.0,0.0,11.150727841881178,4.794537184071822,0.0,0.5,1,0,1.8167
*CC(=O)CO*,0.0177777777777777,3.002590528674132,1.199906061013292,0.1609876377148447,-0.37,29.21492868948101,0.0,6.923737199690624,0.0,0.0,0.0,12.390126910877855,9.901064578912528,0.0,0.6666666666666666,0,0,1.6922
*CC(=O)C(=S)c1ccc(*)s1,0.1659863945578231,2.8510623327042497,2.5807335740439594,2.339525779419452,-0.54,68.31069007095087,0.0,6.923737199690624,17.00988133062452,0.0,0.0,10.647812265116563,4.794537184071822,0.0,0.1428571428571428,1,0,2.0529
*CC(=O)C(=S)c1ccc(*)cc1,0.1441373771730915,2.898667675015539,3.083168886103056,1.6970502055861756,-1.02,70.47924692593075,0.0,6.923737199690624,29.82891976554344,0.0,0.0,10.647812265116563,4.794537184071822,0.0,0.1111111111111111,1,1,2.03
*CC(=O)C(=S)C(*)=O,0.018472222222222,4.053443249785434,1.4659258262890684,0.6569567712103939,-0.5700000000000001,45.66465779912708,0.0,6.923737199690624,0.0,0.0,0.0,16.93397278824612,9.589074368143644,0.0,0.25,1,0,2.1903
*CC(=O)C(=S)O*,0.0648148148148148,3.643224945571916,1.2159258262890684,0.4553418012614795,-0.44,39.87654782835332,0.0,6.923737199690624,0.0,0.0,0.0,10.833872606703473,9.901064578912528,0.0,0.3333333333333333,1,0,1.9836
*CC(=O)Nc1ccc(*)s1,0.2146759259259261,2.5725016835725403,2.3766094288120274,1.4462427331767054,-0.8300000000000001,56.79290747913202,0.0,6.923737199690624,12.13273413692322,5.001081976687867,0.0,5.907179729351506,4.794537184071822,0.0,0.1666666666666666,0,0,1.8784
*CC(=O)Nc1ccc(*)cc1,0.1860128495842783,2.6449316670687724,2.879044740871124,1.0019904640467918,-1.31,58.96146433411189,0.0,6.923737199690624,24.26546827384644,5.687386274683562,0.0,5.907179729351506,4.794537184071822,0.0,0.125,0,1,1.8294
*CC(=O)NC(*)=O,0.0045833333333331,3.3954996118673995,1.2618016810571369,0.1904504202642842,-0.8600000000000001,34.14687520730822,5.316788604006331,6.923737199690624,0.0,4.794537184071822,0.0,12.317275035467627,4.794537184071822,0.0,0.3333333333333333,0,0,1.7864
*CC(=O)NC(*)=S,0.0687037037037037,3.3954996118673995,1.2618016810571369,0.2925124928802499,-0.44,40.65153383866978,5.316788604006331,6.923737199690624,0.0,0.0,0.0,11.39859740785431,4.794537184071822,0.0,0.3333333333333333,1,0,1.9255
*CC(=O)Oc1ccc(*)s1,0.0353240740740739,2.5725016835725403,2.2848577192758905,1.3359374115486962,-0.8300000000000001,56.33723294612643,0.0,6.923737199690624,12.13273413692322,0.0,5.0632075352882095,5.969305287951849,4.794537184071822,0.0,0.1666666666666666,0,0,1.8447
*CC(=O)OC(*)=O,0.0763425925925926,3.3954996118673995,1.170049971521,0.1555021169820366,-0.8600000000000001,33.69120067430263,0.0,6.923737199690624,0.0,4.794537184071822,0.0,12.441526152668311,9.53140013787187,0.0,0.3333333333333333,0,0,1.7033
*CC(=O)OC(*)=S,0.0424074074074074,3.3954996118673995,1.170049971521,0.2388354503153699,-0.44,40.195859305664186,0.0,6.923737199690624,0.0,0.0,0.0,11.522848525054997,9.53140013787187,0.0,0.3333333333333333,1,0,1.7532
*CC(=S)c1ccc(C(*)=S)s1,0.1985685941043083,2.9120812188252145,2.580733574043959,2.740109713060383,-0.12,74.81534870231243,0.0,6.923737199690624,21.88702852432582,0.0,0.0,10.232050214267865,0.0,0.0,0.1428571428571428,2,0,2.4487
*CC(=S)c1ccc(O*)s1,0.0365315570672712,2.7991216323578683,2.330733574043959,2.1449479572504413,-0.4100000000000001,62.52258010017711,0.0,6.923737199690624,17.00988133062452,0.0,5.0632075352882095,4.864567318751625,0.0,0.0,0.1666666666666666,1,0,2.1619
*CC(=S)c1ccc(N*)cc1,0.2643227985638698,2.843524062030637,2.879044740871124,1.4425777152849564,-0.8900000000000001,65.25615147887812,0.0,6.923737199690624,29.82891976554344,5.687386274683562,0.0,4.864567318751625,0.0,0.0,0.125,1,1,2.1325
*CC(=S)c1ccc(O*)cc1,0.0143227985638698,2.843524062030637,2.8331688861030555,1.411993812106244,-0.8900000000000001,64.69113695515699,0.0,6.923737199690624,29.82891976554344,0.0,5.749511833283905,4.864567318751625,0.0,0.0,0.125,1,1,1.9879
*CC(=S)CC(*)=S,0.3131481481481482,3.3954996118673995,1.4689084622436843,0.5580127018922192,0.18,48.01235592297789,0.0,13.344558822616634,0.0,0.0,0.0,10.232050214267865,0.0,0.0,0.5,2,0,1.9346
*CC(=S)CO*,0.151111111111111,3.002590528674132,1.199906061013292,0.2788387679126026,0.0499999999999999,35.71958732084257,0.0,6.923737199690624,0.0,0.0,0.0,11.471449283264544,5.106527394840706,0.0,0.6666666666666666,1,0,1.8843
*CC(=S)C(=O)C(*)=S,0.0231481481481485,4.053443249785434,1.4659258262890684,0.7167433491449189,-0.15,52.16931643048864,0.0,6.923737199690624,0.0,0.0,0.0,16.015295160632803,4.794537184071822,0.0,0.25,2,0,2.1951
*CC(=S)C(=O)O*,0.2129629629629625,3.643224945571916,1.2159258262890684,0.3943375672974064,-0.44,39.87654782835332,0.0,6.923737199690624,0.0,0.0,0.0,10.833872606703476,9.901064578912528,0.0,0.3333333333333333,1,0,1.92
*CC(=S)NC(*)=S,0.202037037037037,3.3954996118673995,1.2618016810571369,0.3945745654962156,-0.02,47.15619247003134,5.316788604006331,6.923737199690624,0.0,0.0,0.0,10.479919780240996,0.0,0.0,0.3333333333333333,2,0,2.0504
*CC(=S)NO*,0.04,3.002590528674132,1.0118016810571369,0.1971687836487032,-0.15,34.817462367374,5.480096598121202,6.923737199690624,0.0,0.0,0.0,4.988502101738191,5.20725302477729,0.0,0.5,1,0,1.9431
*CC(=S)OC(*)=S,0.0909259259259258,3.3954996118673995,1.170049971521,0.3221687836487032,-0.02,46.70051793702575,0.0,6.923737199690624,0.0,0.0,0.0,10.604170897441684,4.736862953800049,0.0,0.3333333333333333,2,0,1.9523
*CNc1ccc(-c2ccc(*)cc2)s1,0.3539507747543461,2.2486693658517765,3.993852488626015,2.8750098925201337,-1.28,81.6074966059357,0.0,0.0,36.39820241076966,5.001081976687867,0.0,7.04767198267719,0.0,1.2400110754178215,0.0909090909090909,0,1,1.9424
*CNc1ccc(C(*)=O)s1,0.140528155706727,2.732617316782816,2.3766094288120274,1.8204818875659885,-0.8300000000000001,56.79290747913202,0.0,0.0,17.00988133062452,5.001081976687867,0.0,13.333832505806743,0.0,1.1710610355253213,0.1666666666666666,0,0,2.0195
*CNc1ccc(C(*)=S)s1,0.2298422146636431,2.732617316782816,2.3766094288120274,2.1883330177637466,-0.4100000000000001,63.297566110493584,0.0,0.0,17.00988133062452,5.001081976687867,0.0,12.41515487819343,0.0,1.239088246409675,0.1666666666666666,1,0,2.251
*CNc1ccc(N*)s1,0.3178051776266061,2.591816305336146,2.172485283580096,1.6365563224671096,-0.7000000000000002,51.5698120320794,0.0,0.0,12.13273413692322,10.002163953375732,0.0,7.04767198267719,0.0,1.2601577853363568,0.2,0,0,1.8551
*CNc1ccc(O*)s1,0.0678051776266061,2.591816305336146,2.1266094288120274,1.5931712619538048,-0.7000000000000002,51.00479750835826,0.0,0.0,12.13273413692322,5.001081976687867,5.0632075352882095,7.04767198267719,0.0,1.2323800075585791,0.2,0,0,1.8497
*CNc1ccc(-c2ccc(*)s2)cc1,0.3684892290249433,2.231956505158513,3.993852488626015,2.690805838599375,-1.2800000000000002,81.6074966059357,0.0,0.0,36.39820241076966,5.687386274683562,0.0,7.04767198267719,0.0,1.2296992052994038,0.0909090909090909,0,1,1.9541
*CNc1ccc(C(*)=O)cc1,0.1693506708238852,2.780862288870475,2.879044740871124,1.2068754548894405,-1.31,58.96146433411189,0.0,0.0,29.82891976554344,5.687386274683562,0.0,13.333832505806743,0.0,1.1678254913076342,0.125,0,1,1.9491
*CNc1ccc(N*)cc1,0.2889826625094481,2.664537066654608,2.6749205956391924,1.0890243246916822,-1.1800000000000002,53.73836888705927,0.0,0.0,24.26546827384644,11.374772549367124,0.0,7.04767198267719,0.0,1.2367561885865457,0.1428571428571428,0,1,1.8632
*CNc1ccc(O*)cc1,0.0389826625094481,2.664537066654608,2.629044740871124,1.05844042151297,-1.1800000000000002,53.17335436333813,0.0,0.0,24.26546827384644,5.687386274683562,5.749511833283905,7.04767198267719,0.0,1.2163480253212398,0.1428571428571428,0,1,1.8414
*CNCc1ccc(*)s1,0.4535922146636432,2.422977777805392,2.3795920647666438,1.6230609190964134,-0.3400000000000001,52.63594697162127,5.316788604006331,6.544756405912575,17.00988133062452,0.0,0.0,7.04767198267719,6.544756405912575,1.3229355631141346,0.3333333333333333,0,0,1.7813
*CNCc1ccc(*)cc1,0.4071308106575964,2.51863794324683,2.88202737682574,1.1163932517538648,-0.8200000000000001,54.80450382660114,5.316788604006331,6.544756405912575,29.82891976554344,0.0,0.0,7.04767198267719,6.544756405912575,1.301216695011338,0.25,0,1,1.7745
*CNCC(*)=O,0.0026388888888888,2.8219389370591843,1.2647843170117528,0.1971687836487032,-0.37,29.989914699797477,5.316788604006331,0.0,0.0,0.0,0.0,19.87858891171932,4.794537184071822,1.1645833333333333,0.6666666666666666,0,0,1.7201
*CNCC(*)=S,0.3677314814814815,2.8219389370591843,1.2647843170117528,0.3415063509461096,0.0499999999999999,36.49457333115903,5.316788604006331,0.0,0.0,0.0,0.0,18.959911284106006,0.0,1.2979166666666666,0.6666666666666666,1,0,1.8901
*CNCN*,0.4556944444444444,2.3390923149762908,1.0606601717798212,0.1249999999999999,-0.08,24.76681925274485,11.050456081168516,0.0,0.0,0.0,0.0,13.716363171576331,0.0,1.3325,1.0,0,0,1.7262
*CNCO*,0.2056944444444444,2.3390923149762908,0.9957819157813604,0.1020620726159657,-0.08,24.201804729023717,5.316788604006331,0.0,0.0,0.0,0.0,13.778488730176674,5.106527394840706,1.27,1.0,0,0,1.6697
*CNC(=O)c1ccc(*)s1,0.1354629629629631,2.685447835960937,2.3766094288120274,1.651306045616305,-0.8300000000000001,56.79290747913201,5.316788604006331,0.0,17.00988133062452,0.0,0.0,12.954851712028695,0.0,0.960667044595616,0.1666666666666666,0,0,1.8558
*CNC(=O)C(*)=S,0.0257870370370369,3.4904530666021536,1.2618016810571369,0.4386502402209702,-0.44,40.65153383866978,5.316788604006331,0.0,0.0,0.0,0.0,18.32233460754493,4.794537184071822,0.9356481481481482,0.3333333333333333,1,0,1.9972
*CNC(=S)c1ccc(*)s1,0.3728514739229025,2.685447835960937,2.3766094288120274,2.163494743111469,-0.41,63.29756611049358,5.316788604006331,0.0,17.00988133062452,0.0,0.0,12.03617408441538,0.0,1.1690003779289493,0.1666666666666666,1,0,1.9675
*CNC(=S)c1ccc(*)cc1,0.3480794123204838,2.753742758109602,2.879044740871124,1.5210191692781927,-0.89,65.46612296547346,5.316788604006331,0.0,29.82891976554344,0.0,0.0,12.03617408441538,0.0,1.1472815098261526,0.125,1,1,1.8914
*CNC(=S)C(*)=O,0.1878240740740739,3.4904530666021536,1.2618016810571369,0.480925734902411,-0.44,40.651533838669785,5.316788604006331,0.0,0.0,0.0,0.0,18.32233460754493,4.794537184071822,1.0106481481481482,0.3333333333333333,1,0,2.0233
*CNC(=S)N*,0.2705092592592593,3.002590528674132,1.0576775358252053,0.3048946985944281,-0.31,35.42843839161716,11.050456081168516,0.0,0.0,0.0,0.0,12.160108867401949,0.0,1.178564814814815,0.5,1,0,1.8071
*CNC(=S)O*,0.0205092592592592,3.002590528674132,1.0118016810571369,0.2886751345948128,-0.31,34.863423867896024,5.316788604006331,0.0,0.0,0.0,0.0,12.22223442600229,5.106527394840706,1.116064814814815,0.5,1,0,1.8672
*CNOc1ccc(*)s1,0.3735922146636432,2.422977777805392,2.080733574043959,1.2942707448820296,-0.54,51.2781474851471,5.480096598121202,0.0,12.13273413692322,0.0,5.0632075352882095,7.04767198267719,0.0,1.1007133408919123,0.2,0,0,1.8539
*CNOc1ccc(*)cc1,0.3515752551020408,2.51863794324683,2.5831688861030555,0.8776695234608329,-1.02,53.44670434012698,5.480096598121202,0.0,24.26546827384644,0.0,5.749511833283905,7.04767198267719,0.0,1.0789944727891156,0.1428571428571428,0,1,1.8294
*CNOC(*)=S,0.1455092592592592,2.8219389370591843,0.9659258262890684,0.1971687836487032,-0.15,35.13677384468487,5.480096598121202,0.0,0.0,0.0,0.0,12.601215219780338,4.8375885837366335,1.0756944444444445,0.5,1,0,1.8633
*CNON*,0.2334722222222222,2.3390923149762908,0.7618016810571369,0.0721687836487032,-0.12,23.363058265748663,11.377072069398258,0.0,0.0,0.0,0.0,7.04767198267719,4.938314213673218,1.1102777777777777,1.0,0,0,1.7453
*COc1ccc(-c2ccc(*)cc2)s1,0.3416050957420005,2.2486693658517765,3.883098377859486,2.7731664370747238,-1.28,81.15182207293009,0.0,0.0,36.39820241076966,0.0,5.0632075352882095,7.109797541277533,0.0,0.9900110754178214,0.0909090909090909,0,1,1.9391
*COc1ccc(O*)s1,0.0400273998488284,2.591816305336146,2.015855318045498,1.4913278065083948,-0.7000000000000002,50.54912297535266,0.0,0.0,12.13273413692322,0.0,10.12641507057642,7.109797541277533,0.0,0.9823800075585788,0.2,0,0,1.795
*COc1ccc(O*)cc1,0.0185744992441421,2.664537066654608,2.518290630104594,0.9903990397689928,-1.1800000000000002,52.717679830332536,0.0,0.0,24.26546827384644,0.0,11.49902366656781,7.109797541277533,0.0,0.9663480253212396,0.1428571428571428,0,1,1.7891
*COC(=O)O*,0.2155555555555556,3.002590528674132,0.9010475702906076,0.1178511301977579,-0.73,27.903090703528868,0.0,0.0,0.0,4.794537184071822,0.0,13.265163170816292,9.843390348640757,0.6577314814814814,0.5,0,0,1.657
*COC(=S)O*,0.0419907407407407,3.002590528674132,0.9010475702906076,0.2357022603955158,-0.31,34.407749334890426,0.0,0.0,0.0,0.0,0.0,12.346485543202975,9.843390348640757,0.8660648148148148,0.5,1,0,1.8467
*CONC(*)=O,0.1250462962962963,2.8219389370591843,0.946923425058676,0.1138354503153699,-0.5700000000000001,28.63211521332331,5.480096598121202,0.0,0.0,4.794537184071822,0.0,13.519892847393654,4.8375885837366335,0.8034722222222223,0.5,0,0,1.7438
*CONO*,0.0320833333333333,2.3390923149762908,0.696923425058676,0.0589255650988789,-0.12,22.79804374202753,5.643404592236074,0.0,0.0,0.0,0.0,7.109797541277533,10.044841608513924,0.9088888888888887,1.0,0,0,1.7417
*C(=O)c1ccc(-c2ccc(-c3ccc(*)s3)s2)s1,0.2109704492704129,1.9381423389123984,4.910919824192399,5.525236267409914,-1.2299999999999998,111.25505649074768,0.0,0.0,41.27534960447096,0.0,0.0,6.286160523129555,0.0,0.0,0.0,0,0,2.705
*C(=O)c1ccc(-c2ccc(C(*)=S)s2)s1,0.131507359116486,2.349062263009113,3.796112076437508,4.183564782132192,-0.8400000000000001,95.1136828502854,0.0,0.0,34.01976266124904,0.0,0.0,11.653643418645796,0.0,0.0,0.0,1,0,2.3807
*Oc1ccc(-c2ccc(C(*)=O)s2)s1,0.0305296779205508,2.3233777830440703,3.546112076437508,3.58840302632225,-1.13,82.8209142481501,0.0,0.0,29.142615467547746,0.0,5.0632075352882095,6.286160523129555,0.0,0.0,0.0,0,0,2.0521
*C(=O)c1ccc(-c2ccc(-c3ccc(*)s3)cc2)s1,0.2208649610236908,1.902325887568432,5.413355136251495,4.508815214631296,-1.7099999999999995,113.42361334572756,0.0,0.0,53.40808374139418,0.0,0.0,6.286160523129555,0.0,0.0,0.0,0,1,2.5812
*C(=O)c1ccc(-c2ccc(C(*)=S)cc2)s1,0.1203635937208266,2.3274072852573684,4.298547388496604,3.2605870913168777,-1.32,97.28223970526533,0.0,0.0,46.83880109616796,0.0,0.0,11.653643418645796,0.0,0.0,0.0,1,1,2.2782
*Oc1ccc(-c2ccc(C(*)=O)s2)cc1,0.0416734433162102,2.3115864006790567,4.048547388496604,2.8764497975448924,-1.61,84.98947110312999,0.0,0.0,41.27534960447096,0.0,5.749511833283905,6.286160523129555,0.0,0.0,0.0,0,1,2.1334
*C(=O)c1ccc(C(=O)c2ccc(*)s2)s1,0.0775925925925926,2.304522786101898,3.796112076437508,3.401849835994728,-1.2599999999999998,88.60902421892388,0.0,0.0,38.89690985495034,0.0,0.0,12.069405469494496,0.0,0.0,0.0,0,0,2.0879
*C(=O)c1ccc(C(=O)C(*)=S)s1,0.0208333333333332,2.9854529680476976,2.681304328682617,2.1891940305993924,-0.8700000000000001,72.46765057846162,0.0,0.0,21.88702852432582,0.0,0.0,17.436888365010734,0.0,0.0,0.0,1,0,2.3542
*OC(=O)c1ccc(C(*)=O)s1,0.2381424792139079,2.9120812188252145,2.431304328682617,1.8697645942016712,-1.16,60.174881976326304,0.0,0.0,21.88702852432582,0.0,0.0,12.255465811081404,5.106527394840706,0.0,0.0,0,0,1.8811
*OC(=S)c1ccc(C(*)=O)s1,0.1343924792139077,2.9120812188252145,2.431304328682617,2.237615724399429,-0.74,66.67954060768787,0.0,0.0,21.88702852432582,0.0,0.0,11.33678818346809,5.106527394840706,0.0,0.0,1,0,2.068
*C(=O)c1ccc(Oc2ccc(*)s2)s1,0.2209292590492984,2.140448930923352,3.50023622166944,2.864555929822814,-1.13,83.14022572546097,0.0,0.0,29.14261546754774,0.0,10.12641507057642,6.286160523129555,0.0,0.0,0.0,0,0,2.0427
*C(=O)c1ccc(OC(*)=S)s1,0.0093924792139079,2.7716918003223654,2.3854284739145486,1.7674539685894872,-0.7400000000000002,66.99885208499873,0.0,0.0,17.00988133062452,0.0,5.0632075352882095,11.839703760232704,0.0,0.0,0.0,1,0,2.3124
*C(=O)c1ccc(-c2ccc(-c3ccc(*)cc3)s2)cc1,0.2347825874743052,1.9045869153723525,5.915790448310592,4.079412835875509,-2.1899999999999995,115.59217020070744,0.0,0.0,66.2271221763131,0.0,0.0,6.286160523129555,0.0,0.0,0.0,0,2,2.2925
*Oc1ccc(-c2ccc(C(*)=O)cc2)s1,0.0353928153242726,2.303615435117306,4.048547388496604,2.7975742053091786,-1.61,84.98947110312997,0.0,0.0,41.96165390246666,0.0,5.0632075352882095,6.286160523129555,0.0,0.0,0.0,0,1,1.9796
*C(=O)c1ccc(-c2ccc(-c3ccc(*)cc3)cc2)cc1,0.2417736036271667,1.872001422146861,6.418225760369688,3.27255166857701,-2.669999999999999,117.76072705568734,0.0,0.0,78.35985631323634,0.0,0.0,6.286160523129555,0.0,0.0,0.0,0,3,2.0217
*C(=O)c1ccc(-c2ccc(C(*)=S)cc2)cc1,0.1160546690362707,2.308527167558888,4.800982700555701,2.5745382130438665,-1.7999999999999998,99.4507965602452,0.0,0.0,59.65783953108687,0.0,0.0,11.653643418645796,0.0,0.0,0.0,1,2,2.2139
*C(=O)c1ccc(C(=O)c2ccc(*)s2)cc1,0.0726322751322754,2.286723613086444,4.298547388496605,2.755688921471956,-1.7399999999999998,90.77758107390376,0.0,0.0,52.40225258786495,0.0,0.0,12.069405469494496,0.0,0.0,0.0,0,1,2.003
*C(=O)c1ccc(C(=O)c2ccc(*)cc2)cc1,0.0251322751322757,2.284394871094497,4.800982700555701,2.2453622174409213,-2.2199999999999998,92.94613792888364,0.0,0.0,65.22129102278387,0.0,0.0,12.069405469494496,0.0,0.0,0.0,0,2,1.9846
*C(=O)c1ccc(C(=O)C(*)=S)cc1,0.0257936507936504,2.996558090260967,3.1837396407417136,1.543033116076622,-1.35,74.63620743344151,0.0,0.0,35.392371257240434,0.0,0.0,17.436888365010734,0.0,0.0,0.0,1,1,2.0994
*OC(=S)c1ccc(C(*)=O)cc1,0.1410591458805743,2.9340419411151166,2.9337396407417136,1.4741558304485405,-1.2199999999999998,68.84809746266774,0.0,0.0,35.392371257240434,0.0,0.0,11.33678818346809,5.106527394840706,0.0,0.0,1,1,2.0397
*C(=O)c1ccc(Oc2ccc(*)s2)cc1,0.2316634122784915,2.135159759300548,4.002671533728536,2.3121204979098806,-1.61,85.30878258044086,0.0,0.0,41.96165390246666,0.0,10.812719368572116,6.286160523129555,0.0,0.0,0.0,0,1,2.0027
*C(=O)c1ccc(OC(*)=S)cc1,0.0160591458805743,2.809454194164694,2.887863785973645,1.2150185366765545,-1.2200000000000002,69.16740893997861,0.0,0.0,29.82891976554344,0.0,5.749511833283905,11.839703760232704,0.0,0.0,0.0,1,1,2.0762
*C(=O)C(=S)OC(*)=S,0.0207407407407407,3.788427600543415,1.2706207261596578,0.4676977029746496,-0.3500000000000001,50.8574784445365,0.0,0.0,0.0,0.0,0.0,16.89033142057124,9.53140013787187,0.0,0.0,2,0,2.3004
*C(=O)Oc1ccc(C(*)=S)s1,0.0301275510204079,2.7716918003223654,2.3854284739145486,2.051971765453912,-0.7400000000000002,66.99885208499873,0.0,0.0,17.00988133062452,4.794537184071822,5.0632075352882095,11.839703760232704,0.0,0.0,0.0,1,0,2.0962
*Oc1ccc(OC(*)=O)s1,0.0402371504157217,2.6495075543905027,2.1354284739145486,1.4568100096439702,-1.0300000000000002,54.70608348286341,0.0,0.0,12.13273413692322,4.794537184071822,10.12641507057642,6.472220864716464,0.0,0.0,0.0,0,0,1.8728
*C(=O)Oc1ccc(C(*)=S)cc1,0.0474999999999996,2.809454194164694,2.887863785973645,1.367387463738737,-1.2200000000000002,69.16740893997861,0.0,0.0,29.82891976554344,4.794537184071822,5.749511833283905,11.839703760232704,0.0,0.0,0.0,1,1,2.0099
*OC(=O)OC(*)=O,0.3795833333333329,3.3954996118673995,1.0206207261596576,0.125,-1.06,32.06005121103962,0.0,0.0,0.0,9.589074368143644,0.0,12.627586494255224,9.843390348640757,0.0,0.0,0,0,1.5714
*OC(=S)OC(*)=O,0.0324074074074076,3.3954996118673995,1.0206207261596576,0.2083333333333333,-0.6400000000000001,38.56470984240118,0.0,0.0,0.0,4.794537184071822,0.0,11.708908866641906,9.843390348640757,0.0,0.0,1,0,1.7396
*Nc1ccc(-c2ccc(-c3ccc(*)s3)s2)s1,0.2473628840629201,1.933629767577347,4.706795678960467,5.341310702311035,-1.1,106.03196104369503,0.0,0.0,36.39820241076966,5.001081976687867,0.0,0.0,0.0,0.0,0.0,0,0,2.5509
*Cc1ccc(-c2ccc(N*)s2)s1,0.2815279352481732,2.2919551642465743,3.491417176566918,3.5457935606232613,-0.8,79.22896826436047,0.0,6.923737199690624,29.14261546754774,5.001081976687867,0.0,0.0,6.923737199690624,0.0,0.1111111111111111,0,0,1.9938
*Nc1ccc(-c2ccc(C(*)=O)s2)s1,0.1891510770975055,2.3233777830440703,3.591987931205576,3.631788086835555,-1.13,83.38592877187125,0.0,0.0,29.142615467547746,5.001081976687867,0.0,6.286160523129555,0.0,0.0,0.0,0,0,2.393
*Nc1ccc(-c2ccc(C(*)=S)s2)s1,0.1812192932728646,2.3233777830440703,3.591987931205576,3.999639217033313,-0.7100000000000002,89.89058740323281,0.0,0.0,29.142615467547746,5.001081976687867,0.0,5.36748289551624,0.0,0.0,0.0,1,0,2.7581
*Nc1ccc(-c2ccc(-c3ccc(*)s3)cc2)s1,0.2374683723096421,1.8980389987950737,5.209230991019564,4.324889649532418,-1.5799999999999998,108.20051789867492,0.0,0.0,48.53093654769288,5.001081976687867,0.0,0.0,0.0,0.0,0.0,0,1,2.4847
*Nc1ccc(-c2ccc(C(*)=S)cc2)s1,0.1616170372469975,2.303615435117306,4.094423243264672,3.076661526217999,-1.1900000000000002,92.05914425821268,0.0,0.0,41.96165390246666,5.001081976687867,0.0,5.36748289551624,0.0,0.0,0.0,1,1,2.2022
*Nc1ccc(C(=O)c2ccc(*)s2)s1,0.1658810206181238,2.276791863299917,3.5919879312055767,3.217924270895849,-1.13,83.38592877187125,0.0,0.0,34.01976266124904,5.001081976687867,0.0,5.783244946364939,0.0,0.0,0.0,0,0,2.5062
*Nc1ccc(C(=O)C(*)=S)s1,0.0939814814814818,2.8897596494816566,2.477180183450685,2.0052684655005137,-0.7400000000000002,67.24455513140902,0.0,0.0,17.00988133062452,5.001081976687867,0.0,11.150727841881178,0.0,0.0,0.0,1,0,2.5145
*Nc1ccc(C(=S)c2ccc(*)s2)s1,0.2339082315024776,2.276791863299917,3.5919879312055767,3.953626531291365,-0.71,89.89058740323281,0.0,0.0,34.01976266124904,5.001081976687867,0.0,4.864567318751625,0.0,0.0,0.0,1,0,2.292
*Nc1ccc(C(=S)c2ccc(*)cc2)s1,0.2205221718316957,2.2762854936030408,4.094423243264673,3.311150957458087,-1.1899999999999995,92.05914425821268,0.0,0.0,46.83880109616796,5.001081976687867,0.0,4.864567318751625,0.0,0.0,0.0,1,1,2.2999
*Nc1ccc(Nc2ccc(*)s2)s1,0.2651818520618123,2.102852645102257,3.3878637859736447,2.8500731406980906,-1.0,78.37280481141394,0.0,0.0,24.26546827384644,15.0032459300636,0.0,0.0,0.0,0.0,0.0,0,0,1.9478
*Nc1ccc(NC(*)=S)s1,0.1784618291761149,2.6495075543905027,2.273056038218754,1.6963429004016348,-0.6100000000000003,62.23143117095172,0.0,0.0,12.13273413692322,10.002163953375732,0.0,5.491417678502805,0.0,0.0,0.0,1,0,2.19
*Nc1ccc(Oc2ccc(*)s2)s1,0.2374040742840346,2.102852645102257,3.296112076437508,2.6806303647239345,-1.0,77.91713027840834,0.0,0.0,24.26546827384644,5.001081976687867,10.12641507057642,0.0,0.0,0.0,0.0,0,0,1.9001
*Nc1ccc(OC(*)=S)s1,0.0673507180650038,2.6495075543905027,2.181304328682617,1.5835284034906083,-0.6100000000000003,61.77575663794611,0.0,0.0,12.13273413692322,5.001081976687867,5.0632075352882095,5.553543237103148,0.0,0.0,0.0,1,0,2.0409
*Nc1ccc(-c2ccc(-c3ccc(*)s3)s2)cc1,0.2311877443177045,1.914902758589856,5.209230991019563,4.616556316199085,-1.5799999999999996,108.20051789867492,0.0,0.0,48.53093654769288,5.687386274683562,0.0,0.0,0.0,0.0,0.0,0,1,2.0981
*Nc1ccc(-c2ccc(-c3ccc(*)cc3)s2)cc1,0.2235507458590278,1.9054977594361533,5.71166630307866,3.961561705677751,-2.06,110.3690747536548,0.0,0.0,60.6636706846161,5.687386274683562,0.0,0.0,0.0,0.0,0.0,0,2,2.3449
*Nc1ccc(-c2ccc(C(*)=S)s2)cc1,0.167897665238935,2.3115864006790567,4.094423243264672,3.2748848309213625,-1.19,92.05914425821268,0.0,0.0,41.27534960447096,5.687386274683562,0.0,5.36748289551624,0.0,0.0,0.0,1,1,2.4805
*Nc1ccc(-c2ccc(-c3ccc(*)s3)cc2)cc1,0.2230908842455625,1.8816231251221465,5.71166630307866,3.704915206160528,-2.06,110.3690747536548,0.0,0.0,60.6636706846161,5.687386274683562,0.0,0.0,0.0,0.0,0.0,0,2,2.339
*Nc1ccc(-c2ccc(-c3ccc(*)cc3)cc2)cc1,0.2165597297061663,1.8726978379111328,6.214101615137756,3.1547005383792524,-2.539999999999999,112.53763160863473,0.0,0.0,72.79640482153933,5.687386274683562,0.0,0.0,0.0,0.0,0.0,0,3,2.0006
*Cc1ccc(-c2ccc(N*)cc2)cc1,0.24706170913422,2.275124195489887,4.496287800685112,2.172169285981684,-1.7599999999999998,83.56608197432026,0.0,6.923737199690624,54.09438803938988,5.687386274683562,0.0,0.0,6.923737199690624,0.0,0.0769230769230769,0,2,1.9585
*Nc1ccc(-c2ccc(C(*)=S)cc2)cc1,0.1508342833613396,2.2938665692343942,4.596858555323769,2.4566870828461087,-1.67,94.22770111319257,0.0,0.0,54.09438803938988,5.687386274683562,0.0,5.36748289551624,0.0,0.0,0.0,1,2,2.1003
*Nc1ccc(-c2ccc(O*)cc2)cc1,0.0112027536756975,2.275124195489887,4.346858555323769,2.0725497890741225,-1.96,81.93493251105724,0.0,0.0,48.53093654769288,5.687386274683562,5.749511833283905,0.0,0.0,0.0,0.0,0,2,1.9841
*Nc1ccc(C(=O)c2ccc(*)s2)cc1,0.1583276643990931,2.268259429656968,4.094423243264673,2.637837791274198,-1.61,85.55448562685112,0.0,0.0,46.83880109616796,5.687386274683562,0.0,5.783244946364939,0.0,0.0,0.0,0,1,2.186
*Nc1ccc(C(=O)C(*)=S)cc1,0.0599017384731672,2.921307190634043,2.979615495509782,1.4251819858788637,-1.2200000000000002,69.41311198638887,0.0,0.0,29.82891976554344,5.687386274683562,0.0,11.150727841881178,0.0,0.0,0.0,1,1,2.2161
*Nc1ccc(C(=O)O*)cc1,0.1762093726379436,2.843524062030637,2.729615495509782,1.1206024398552663,-1.5099999999999998,57.12034338425355,0.0,0.0,29.82891976554344,5.687386274683562,0.0,5.969305287951849,5.106527394840706,0.0,0.0,0,1,1.8988
*Nc1ccc(C(=S)c2ccc(*)cc2)cc1,0.2115176319992335,2.268204423334219,4.596858555323769,2.5989156080341957,-1.6699999999999997,94.22770111319258,0.0,0.0,59.65783953108687,5.687386274683562,0.0,4.864567318751625,0.0,0.0,0.0,1,2,2.3239
*Nc1ccc(Nc2ccc(*)s2)cc1,0.2470780843201476,2.105655381485372,3.890299098032741,2.3360610959775614,-1.48,80.54136166639383,0.0,0.0,36.39820241076966,16.37585452605499,0.0,0.0,0.0,0.0,0.0,0,1,1.9889
*Nc1ccc(NO*)cc1,0.0059318310657596,2.664537066654608,2.52549135027785,1.0027513096575087,-1.2200000000000002,52.06125792327423,0.0,0.0,24.26546827384644,11.374772549367124,0.0,0.0,5.20725302477729,0.0,0.0,0,1,1.8848
*Nc1ccc(Oc2ccc(*)s2)cc1,0.2266699210548417,2.105655381485372,3.798547388496604,2.1942693677121228,-1.48,80.08568713338823,0.0,0.0,36.39820241076966,5.687386274683562,10.812719368572116,0.0,0.0,0.0,0.0,0,1,1.9073
*Nc1ccc(Oc2ccc(*)cc2)cc1,0.2157693326795058,2.1088517120273824,4.300982700555701,1.777668146290926,-1.9599999999999995,82.25424398836812,0.0,0.0,48.53093654769288,5.687386274683562,11.49902366656781,0.0,0.0,0.0,0.0,0,2,1.9297
*Nc1ccc(OC(*)=S)cc1,0.0449940948601662,2.709147824373649,2.6837396407417136,1.0971674064787964,-1.0900000000000003,63.94431349292599,0.0,0.0,24.26546827384644,5.687386274683562,5.749511833283905,5.553543237103148,0.0,0.0,0.0,1,1,1.9514
*NC(=O)c1ccc(-c2ccc(*)cc2)s1,0.0615838372385992,2.3116410931172133,4.094423243264673,2.965628926629589,-1.6099999999999997,85.55448562685112,5.733667477162185,0.0,41.27534960447096,0.0,0.0,5.907179729351506,0.0,0.0,0.0,0,1,2.2535
*NC(=O)c1ccc(C(*)=O)s1,0.0069444444444441,2.9120812188252145,2.477180183450685,1.911100921675444,-1.16,60.73989650004744,5.733667477162185,0.0,21.88702852432582,0.0,0.0,12.19334025248106,0.0,0.0,0.0,0,0,2.034
*NC(=O)c1ccc(C(*)=S)s1,0.0406424792139079,2.9120812188252145,2.477180183450685,2.278952051873202,-0.7400000000000002,67.24455513140899,5.733667477162185,0.0,21.88702852432582,0.0,0.0,11.274662624867744,0.0,0.0,0.0,1,0,2.2308
*NC(=O)c1ccc(O*)s1,0.0363907785336357,2.7991216323578683,2.227180183450685,1.6837902960632605,-1.03,54.95178652927368,5.733667477162185,0.0,17.00988133062452,0.0,5.0632075352882095,5.907179729351506,0.0,0.0,0.0,0,0,1.969
*NC(=O)c1ccc(-c2ccc(*)s2)cc1,0.0646188166624675,2.2889549831233023,4.094423243264673,2.748870390862608,-1.61,85.55448562685112,5.733667477162185,0.0,41.96165390246666,0.0,0.0,5.907179729351506,0.0,0.0,0.0,0,1,2.1305
*NC(=O)c1ccc(-c2ccc(*)cc2)cc1,0.065977891156463,2.28940133813224,4.596858555323769,2.198655723081332,-2.0899999999999994,87.723042481831,5.733667477162185,0.0,54.09438803938988,0.0,0.0,5.907179729351506,0.0,0.0,0.0,0,2,2.0808
*NC(=O)c1ccc(C(*)=S)cc1,0.0561224489795921,2.9340419411151166,2.979615495509782,1.5006422675481892,-1.2200000000000002,69.41311198638887,5.733667477162185,0.0,35.392371257240434,0.0,0.0,11.274662624867744,0.0,0.0,0.0,1,1,1.971
*NC(=O)c1ccc(O*)cc1,0.0460128495842786,2.843524062030637,2.729615495509782,1.116504973776203,-1.5099999999999998,57.12034338425355,5.733667477162185,0.0,29.82891976554344,0.0,5.749511833283905,5.907179729351506,0.0,0.0,0.0,0,1,1.9128
*NC(=O)C(=S)c1ccc(*)s1,0.0492129629629629,2.8510623327042497,2.477180183450685,2.2502241897489723,-0.7400000000000001,67.244555131409,5.733667477162185,0.0,17.00988133062452,0.0,0.0,10.77174704810313,4.794537184071822,0.0,0.0,1,0,2.5744
*NC(=O)C(=S)c1ccc(*)cc1,0.0778760393046107,2.898667675015539,2.979615495509782,1.607748615915696,-1.2200000000000002,69.41311198638888,5.733667477162185,0.0,29.82891976554344,0.0,0.0,10.77174704810313,4.794537184071822,0.0,0.0,1,1,2.1735
*NC(=O)C(=S)C(*)=O,0.0046296296296299,4.053443249785434,1.3623724356957947,0.5676551815399145,-0.77,44.59852285958521,5.733667477162185,0.0,0.0,0.0,0.0,17.057907571232686,9.589074368143644,0.0,0.0,1,0,2.263
*NC(=O)C(=S)O*,0.0724074074074074,3.643224945571916,1.1123724356957947,0.3707908118985982,-0.6400000000000001,38.81041288881145,5.733667477162185,0.0,0.0,0.0,0.0,10.95780738969004,9.901064578912528,0.0,0.0,1,0,2.1173
*NC(=O)Nc1ccc(*)s1,0.0294302721088435,2.5725016835725403,2.273056038218754,1.420354385528387,-1.03,55.726772539590144,5.733667477162185,0.0,12.13273413692322,9.795619160759689,0.0,6.031114512338072,0.0,0.0,0.0,0,0,2.0074
*NC(=O)Nc1ccc(*)cc1,0.0512792894935751,2.6449316670687724,2.7754913502778504,0.9761021163984734,-1.5099999999999998,57.89532939457002,5.733667477162185,0.0,24.26546827384644,10.481923458755384,0.0,6.031114512338072,0.0,0.0,0.0,0,1,1.9598
*NC(=O)NC(*)=O,0.0670833333333331,3.3954996118673995,1.1582482904638631,0.1645620726159657,-1.06,33.08074026776635,11.050456081168516,0.0,0.0,9.589074368143644,0.0,12.441209818454194,0.0,0.0,0.0,0,0,1.8738
*NC(=O)NC(*)=S,0.0185648148148147,3.3954996118673995,1.1582482904638631,0.2666241452319315,-0.64,39.58539889912791,11.050456081168516,0.0,0.0,4.794537184071822,0.0,11.522532190840876,0.0,0.0,0.0,1,0,2.102
*NC(=O)NO*,0.017824074074074,3.002590528674132,0.9082482904638632,0.0926977029746495,-0.77,27.24666879647057,11.213764075283386,0.0,0.0,4.794537184071822,0.0,6.031114512338072,5.20725302477729,0.0,0.0,0,0,1.8753
*NC(=O)Oc1ccc(*)s1,0.0919302721088435,2.5725016835725403,2.181304328682617,1.314799664207976,-1.03,55.27109800658455,5.733667477162185,0.0,12.13273413692322,4.794537184071822,5.0632075352882095,6.093240070938415,0.0,0.0,0.0,0,0,1.9321
*NC(=O)Oc1ccc(*)cc1,0.1137792894935751,2.6449316670687724,2.6837396407417136,0.8981984427867793,-1.5099999999999998,57.43965486156442,5.733667477162185,0.0,24.26546827384644,4.794537184071822,5.749511833283905,6.093240070938415,0.0,0.0,0.0,0,1,1.8802
*NC(=O)OC(*)=S,0.0810648148148147,3.3954996118673995,1.0664965809277265,0.2176977029746495,-0.64,39.12972436612232,5.733667477162185,0.0,0.0,4.794537184071822,0.0,11.646783308041565,4.736862953800049,0.0,0.0,1,0,1.9479
*NC(=S)c1ccc(C(*)=S)s1,0.1676908541194256,2.9120812188252145,2.477180183450685,2.64680318207096,-0.32,73.74921376277055,5.733667477162185,0.0,21.88702852432582,0.0,0.0,10.355984997254431,0.0,0.0,0.0,2,0,2.3514
*NC(=S)c1ccc(O*)s1,0.0161233938019651,2.7991216323578683,2.227180183450685,2.051641426261018,-0.6100000000000001,61.45644516063523,5.733667477162185,0.0,17.00988133062452,0.0,5.0632075352882095,4.988502101738191,0.0,0.0,0.0,1,0,2.1391
*NC(=S)c1ccc(O*)cc1,0.0013022014361301,2.843524062030637,2.729615495509782,1.3522072341717188,-1.09,63.62500201561511,5.733667477162185,0.0,29.82891976554344,0.0,5.749511833283905,4.988502101738191,0.0,0.0,0.0,1,1,1.9858
*NC(=S)C(=O)O*,0.0025925925925927,3.643224945571916,1.1123724356957947,0.3520620726159658,-0.6400000000000001,38.81041288881144,5.733667477162185,0.0,0.0,0.0,0.0,10.95780738969004,9.901064578912528,0.0,0.0,1,0,2.1342
*NC(=S)Nc1ccc(*)cc1,0.1570540438397581,2.6449316670687724,2.7754913502778504,1.0781641890144391,-1.09,64.39998802593158,5.733667477162185,0.0,24.26546827384644,5.687386274683562,0.0,5.112436884724758,0.0,0.0,0.0,1,1,2.0938
*NC(=S)NC(*)=S,0.1620370370370369,3.3954996118673995,1.1582482904638631,0.3686862178478972,-0.22,46.090057530489474,11.050456081168516,0.0,0.0,0.0,0.0,10.603854563227564,0.0,0.0,0.0,2,0,2.2528
*NC(=S)NO*,0.0,3.002590528674132,0.9082482904638632,0.1760310363079829,-0.35,33.75132742783213,11.213764075283386,0.0,0.0,0.0,0.0,5.112436884724758,5.20725302477729,0.0,0.0,1,0,2.0671
*NC(=S)OC(*)=S,0.0509259259259259,3.3954996118673995,1.0664965809277265,0.3010310363079829,-0.22,45.63438299748387,5.733667477162185,0.0,0.0,0.0,0.0,10.728105680428248,4.736862953800049,0.0,0.0,2,0,2.157
*NOc1ccc(O*)cc1,0.0029494992441421,2.664537066654608,2.433739640741713,0.9415835033000842,-1.2199999999999998,51.60558339026864,5.896975471277056,0.0,24.26546827384644,0.0,11.49902366656781,0.0,0.0,0.0,0.0,0,1,1.8691
*NOC(=O)O*,0.0344444444444445,3.002590528674132,0.8164965809277261,0.0833333333333333,-0.77,26.79099426346497,5.896975471277056,0.0,0.0,4.794537184071822,0.0,6.155365629538759,9.94411597857734,0.0,0.0,0,0,1.7479
*NOC(=S)O*,0.0819907407407407,3.002590528674132,0.8164965809277261,0.1666666666666666,-0.35,33.29565289482653,5.896975471277056,0.0,0.0,0.0,0.0,5.236688001925443,9.94411597857734,0.0,0.0,1,0,1.942
*NC(=S)Nc1ccc(NC(=S)Nc2ccc(Oc3ccc(*)cc3)cc2)cc1,0.0423505007419143,1.521263552927683,8.030598196065482,3.742360354414744,-3.159999999999999,168.5054712791435,5.733667477162185,0.0,72.79640482153933,17.062158824050687,11.49902366656781,10.224873769449516,0.0,0.0,0.0,2,3,2.0467
*NC(=S)Nc1ccc(NC(=S)Nc2ccc(Cc3ccc(*)cc3)cc2)cc1,0.0501630007419143,1.521263552927683,8.329456686788166,4.114145378298213,-2.959999999999998,169.81730926509567,5.733667477162185,6.4208216229260096,83.92330780493333,17.062158824050687,0.0,10.224873769449516,6.4208216229260096,0.0,0.0476190476190476,2,3,1.9843
*NC(=S)Nc1ccc(Cc2ccc(*)cc2)cc1,0.1098519499826526,2.0195228720543663,5.303965336510317,2.509383846395751,-1.87,106.21318090609806,5.733667477162185,6.4208216229260096,59.65783953108687,5.687386274683562,0.0,5.112436884724758,6.4208216229260096,0.0,0.0714285714285714,1,2,1.8992
*CCOCCOC(=O)Nc1ccc(C)c(NC(=O)O*)c1,0.2215208735902285,2.491395918965853,5.92055585642475,2.325866465560226,-2.28,115.79483055984292,0.0,13.847474399381248,23.762552697081823,20.963846917510768,0.0,32.00712603541558,14.580253302440804,0.0,0.3846153846153846,0,1,1.7289
*C(=O)NC(=O)c1ccc(*)cc1,0.076435185185185,2.776706823371711,2.979615495509782,1.1449842829042145,-1.6399999999999997,63.11842484162264,5.316788604006331,0.0,29.82891976554344,4.794537184071822,0.0,12.317275035467627,0.0,0.0,0.0,0,1,1.8899
*NC(=O)OC(*)=O,0.1736574074074075,3.3954996118673995,1.0664965809277265,0.1343643696413162,-1.06,32.62506573476075,5.733667477162185,0.0,0.0,9.589074368143644,0.0,12.56546093565488,4.736862953800049,0.0,0.0,0,0,1.7525
*OCCC(=O)CC(=O)Oc1ccc(*)cc1,0.1148347278790096,2.3880135121574426,4.48719909234828,1.6417433816021778,-1.6799999999999993,86.7148873370581,0.0,12.84164324585202,24.26546827384644,0.0,5.749511833283905,18.35943219882971,14.69560176298435,0.0,0.2727272727272727,0,1,1.7251
*CCOC(=S)NC(=S)c1ccc(N*)cc1,0.1811962255951252,2.5390569863186543,4.222414775336527,2.1535159430676174,-1.2000000000000002,99.43305567055582,5.316788604006331,6.923737199690624,29.82891976554344,5.687386274683562,0.0,16.769946509576208,4.736862953800049,0.0,0.2,2,1,2.0467
*CNCCCOCO*,0.0894911344167296,2.6476048489438337,2.5731321849709863,0.7255618585214199,-0.12,48.573253234775606,5.316788604006331,6.4208216229260096,0.0,0.0,0.0,26.99225265920251,9.843390348640757,1.2943672839506173,1.0,0,0,1.6616
*CNCNC(=O)NC(=O)N*,0.1926384952129001,3.39613652381051,2.468908462243684,0.6010075515613058,-1.3,57.0516998535773,21.68403328918118,0.0,0.0,9.589074368143644,0.0,25.778592196252475,0.0,1.0264867567397329,0.5,0,0,1.6781
*CNC(=O)NCOCO*,0.0354380039052657,3.040425665876032,2.277256330202918,0.5786784521920456,-0.81,51.874050289339806,10.633577208012662,0.0,0.0,4.794537184071822,0.0,26.60254554861457,9.843390348640757,0.8695987654320988,0.75,0,0,1.6883
*CNC(=O)ONC(=O)NO*,0.1233428602922651,3.402570682630092,2.1241741167529318,0.473461712529338,-1.5,55.08292434285997,16.276981800248734,0.0,0.0,9.589074368143644,0.0,19.17202656595368,10.044841608513924,0.6853716301335349,0.3333333333333333,0,0,1.7609
*COCOCCCO*,0.1433105788611741,2.6476048489438337,2.4433756729740645,0.5996793685588859,-0.12,48.11757870177001,0.0,6.4208216229260096,0.0,0.0,0.0,27.1165037764032,14.580253302440804,0.9749228395061728,1.0,0,0,1.6589
*CNCCNC(=O)OC*,0.2018522455278407,3.040425665876032,2.507583596838497,0.7022086113416255,-0.77,53.50519975260282,10.633577208012662,0.0,0.0,4.794537184071822,0.0,33.34022240671828,4.736862953800049,1.8694781431090957,0.8,0,0,1.6706
*C(=O)c1ccc(NC(=S)Oc2ccc(Nc3ccc(*)s3)s2)s1,0.2611400656999849,1.569600373548371,6.023292259888193,5.097944183400143,-1.739999999999999,144.57579722947884,0.0,0.0,41.27534960447096,15.0032459300636,5.0632075352882095,11.460722966454655,0.0,0.0,0.0,1,0,2.0222
*NOC(=O)NCC(=O)NC(*)=O,0.2073567281851012,3.5757351909093624,2.477727507346205,0.6764311694816803,-1.63,60.707024327560426,16.530552679289716,0.0,0.0,9.589074368143644,0.0,24.955271512318618,9.632125767808455,0.0,0.25,0,0,1.7831
*NCCCNC(=O)NC(*)=O,0.083842723817922,3.256951580195633,2.86535507165041,0.803672594506261,-1.1,57.90786330652384,16.367244685174846,6.4208216229260096,0.0,9.589074368143644,0.0,25.530722630279342,0.0,0.0,0.6,0,0,1.7499
*Nc1ccc(NC(=O)NC(=O)NC(*)=O)s1,0.0668095558675464,2.437579476379825,3.681304328682617,2.0484049730176004,-2.09,88.0116531404226,10.633577208012662,0.0,12.13273413692322,24.3857755055912,0.0,18.472324330792265,0.0,0.0,0.0,0,0,1.9797
*NCNC(=O)OC(=O)NC(*)=O,0.0138932718148989,3.654086216996418,2.4777275073462053,0.5712144298189726,-1.63,60.75298582808245,16.367244685174846,0.0,0.0,14.383611552215466,0.0,25.265266636892093,4.736862953800049,0.0,0.25,0,0,1.7355
*OCCCCONC(*)=O,0.0926619058117075,2.8497612822334424,2.735598559653489,0.7545726575261484,-0.6100000000000001,52.684252241764334,5.480096598121202,12.84164324585202,0.0,4.794537184071822,0.0,19.62385923514196,9.94411597857734,0.0,0.8,0,0,1.6747
*Oc1ccc(C(=O)c2ccc(C(=O)NOC(*)=O)s2)cc1,0.1624412110523216,2.1062698781393028,5.36504396942433,3.4382631939735977,-2.6699999999999995,116.77271567043483,5.480096598121202,0.0,51.71594828986925,4.794537184071822,5.749511833283905,18.16264554043291,4.8375885837366335,0.0,0.0,0,1,1.8941
*c1ccc(C(F)(F)c2ccc(C(*)(F)F)s2)s1,0.0348516628873769,2.3875715569531573,4.143792731992099,3.871765050881493,-0.8800000000000003,96.8601784849388,0.0,12.347973912953767,38.89690985495034,17.56166019069928,0.0,0.0,12.347973912953767,0.0,0.2,0,0,1.899
*C(=S)C(F)(F)c1ccc(C(*)(F)F)s1,0.2421990740740736,3.0977593843126936,3.028984984237208,2.6089258654670404,-0.4900000000000002,80.71880484447652,0.0,12.347973912953767,21.88702852432582,17.56166019069928,0.0,5.36748289551624,12.347973912953767,0.0,0.2857142857142857,1,0,1.8028
*OC(F)(F)c1ccc(C(*)(F)F)s1,0.2599768518518515,2.999849656155644,2.778984984237208,2.1830414041261816,-0.6200000000000001,68.42603624234121,0.0,12.534034254540677,21.88702852432582,17.56166019069928,0.0,0.0,17.640561649381382,0.0,0.3333333333333333,0,0,1.7563
*c1ccc(C(F)(F)c2ccc(C(*)(F)F)cc2)s1,0.0042743764172332,2.362366887026376,4.646228044051195,3.1130608465106806,-1.36,99.02873533991864,0.0,12.347973912953767,52.40225258786495,17.56166019069928,0.0,0.0,12.347973912953767,0.0,0.1666666666666666,0,1,1.8167
*c1ccc(C(F)(F)c2ccc(C(*)(F)F)cc2)cc1,0.0087160905072163,2.365510321938987,5.148663356110292,2.546462497555625,-1.84,101.19729219489857,0.0,12.347973912953767,65.22129102278387,17.56166019069928,0.0,0.0,12.347973912953767,0.0,0.1428571428571428,0,2,1.8364
*C(=S)C(F)(F)c1ccc(C(*)(F)F)cc1,0.1656368102796672,3.093153964892794,3.5314202962963046,1.8502216610962288,-0.9700000000000002,82.88736169945642,0.0,12.347973912953767,35.392371257240434,17.56166019069928,0.0,5.36748289551624,12.347973912953767,0.0,0.2222222222222222,1,1,1.8005
*OC(F)(F)c1ccc(C(*)(F)F)cc1,0.175746409674981,3.007046884339858,3.2814202962963046,1.439187090129494,-1.1,70.59459309732111,0.0,12.534034254540677,35.392371257240434,17.56166019069928,0.0,0.0,17.640561649381382,0.0,0.25,0,1,1.7269
*C(=S)c1ccc(C(F)(F)C(*)(F)F)s1,0.2347978080120936,3.113230106486668,3.028984984237208,2.6729387179449065,-0.4900000000000002,80.71880484447655,0.0,12.347973912953767,21.88702852432582,17.56166019069928,0.0,11.792927640375432,5.922529168094576,0.0,0.2857142857142857,1,0,1.985
*Oc1ccc(C(F)(F)C(*)(F)F)s1,0.3230787037037042,3.0356750837863054,2.778984984237208,2.077776962134965,-0.7800000000000002,68.42603624234123,0.0,12.347973912953767,17.00988133062452,17.56166019069928,5.0632075352882095,6.425444744859191,5.922529168094576,0.0,0.3333333333333333,0,0,1.7924
*c1ccc(-c2ccc(C(F)(F)C(*)(F)F)cc2)s1,0.1307188484515323,2.337247322594433,4.6462280440511945,3.086585412010292,-1.36,99.02873533991864,0.0,12.347973912953767,41.96165390246666,17.56166019069928,0.0,6.425444744859191,5.922529168094576,0.0,0.1666666666666666,0,1,1.7814
*c1ccc(-c2ccc(C(F)(F)C(*)(F)F)cc2)cc1,0.1431383294568717,2.334538145790933,5.148663356110291,2.536370744229017,-1.84,101.19729219489857,0.0,12.347973912953767,54.09438803938988,17.56166019069928,0.0,6.425444744859191,5.922529168094576,0.0,0.1428571428571428,0,2,1.9016
*C(=S)c1ccc(C(F)(F)C(*)(F)F)cc1,0.1611533525447215,3.114951712976516,3.5314202962963046,1.8383572886958737,-0.9700000000000002,82.88736169945643,0.0,12.347973912953767,35.392371257240434,17.56166019069928,0.0,11.792927640375432,5.922529168094576,0.0,0.2222222222222222,1,1,1.9682
*Oc1ccc(C(F)(F)C(*)(F)F)cc1,0.3231903895817585,3.057356065608256,3.2814202962963046,1.4542199949238876,-1.2600000000000002,70.59459309732111,0.0,12.347973912953767,29.82891976554344,17.56166019069928,5.749511833283905,6.425444744859191,5.922529168094576,0.0,0.25,0,1,1.7437
*c1ccc(CC(F)(F)C(*)(F)F)s1,0.0110478080120937,2.780637757434068,3.031967620191824,1.9965676515143,-0.5800000000000003,70.05718570560424,0.0,18.76879553587978,17.00988133062452,17.56166019069928,0.0,12.347973912953767,6.4208216229260096,0.0,0.4285714285714285,0,0,1.7679
*c1ccc(CC(F)(F)C(*)(F)F)cc1,0.0449577585663896,2.820297712391952,3.5344029322509205,1.4898999841717508,-1.0600000000000005,72.22574256058412,0.0,18.76879553587978,29.82891976554344,17.56166019069928,0.0,12.347973912953767,6.4208216229260096,0.0,0.3333333333333333,0,1,1.7264
*C(=O)CC(F)(F)C(*)(F)F,0.6576620370370365,4.340652398986658,1.9171598724369336,0.5706755160665888,-0.6100000000000001,47.41115343378044,0.0,18.76879553587978,0.0,17.56166019069928,0.0,18.63413443608332,4.794537184071822,0.0,0.75,0,0,1.6044
*C(=S)CC(F)(F)C(*)(F)F,0.1756712962962965,4.340652398986658,1.9171598724369336,0.7150130833639952,-0.19,53.915812065142,0.0,18.76879553587978,0.0,17.56166019069928,0.0,17.71545680847001,0.0,0.0,0.75,1,0,1.767
*NCC(F)(F)C(*)(F)F,0.4050694444444445,4.101783752547981,1.713035727205002,0.4985067324178855,-0.32,42.18805798672781,5.733667477162185,12.347973912953767,0.0,17.56166019069928,0.0,18.89273031886634,0.0,0.0,1.0,0,0,1.5942
*OCC(F)(F)C(*)(F)F,0.6550694444444445,4.101783752547981,1.6481574712065412,0.4577654925800544,-0.32,41.623043463006674,0.0,12.347973912953767,0.0,17.56166019069928,0.0,18.954855877466684,5.106527394840706,0.0,1.0,0,0,1.5633
*c1ccc(C(=O)C(F)(F)C(*)(F)F)s1,0.1843811413454268,3.047268178388045,3.028984984237208,2.0132710049700684,-0.9100000000000004,74.21414621311499,0.0,12.347973912953767,17.00988133062452,17.56166019069928,0.0,18.131218859318707,0.0,0.0,0.2857142857142857,0,0,1.8316
*c1ccc(C(=O)C(F)(F)C(*)(F)F)cc1,0.0821208506550768,3.0749530391200137,3.5314202962963046,1.502944300939034,-1.39,76.38270306809487,0.0,12.347973912953767,29.82891976554344,17.56166019069928,0.0,18.131218859318707,0.0,0.0,0.2222222222222222,0,1,1.8174
*C(=S)C(=O)C(F)(F)C(*)(F)F,0.4585879629629625,4.866911094741326,1.9141772364823175,0.8006151995747338,-0.52,58.072772572652745,0.0,12.347973912953767,0.0,17.56166019069928,0.0,23.498701754834947,4.794537184071822,0.0,0.5,1,0,1.9833
*OC(=S)C(F)(F)C(*)(F)F,0.8402546296296296,4.590778800906395,1.6641772364823175,0.750079106265565,-0.39,52.28466260187899,0.0,12.347973912953767,0.0,17.56166019069928,0.0,17.398601573292304,5.106527394840706,0.0,0.6666666666666666,1,0,1.7142
*c1ccc(NC(F)(F)C(*)(F)F)s1,0.0510478080120935,2.780637757434068,2.8248608390052765,1.7011627285821609,-0.7800000000000002,69.20102225265768,0.0,12.471908695940332,12.13273413692322,22.562742167387142,0.0,12.471908695940332,0.0,0.0,0.3333333333333333,0,0,1.862
*c1ccc(NC(F)(F)C(*)(F)F)cc1,0.0171799807886117,2.820297712391952,3.327296151064373,1.256910459452247,-1.2600000000000002,71.36957910763758,0.0,12.471908695940332,24.26546827384644,23.24904646538284,0.0,12.471908695940332,0.0,0.0,0.25,0,1,1.7935
*C(=O)NC(F)(F)C(*)(F)F,0.907662037037037,4.340652398986658,1.7100530912503862,0.4453704156697393,-0.8100000000000003,46.554989980833895,5.316788604006331,12.471908695940332,0.0,22.3561973747711,0.0,18.88200400205645,0.0,0.0,0.6666666666666666,0,0,1.642
*C(=S)NC(F)(F)C(*)(F)F,0.0743287037037034,4.340652398986658,1.7100530912503862,0.547432488285705,-0.39,53.05964861219545,5.316788604006331,12.471908695940332,0.0,17.56166019069928,0.0,17.963326374443138,0.0,0.0,0.6666666666666666,1,0,1.765
*NOC(F)(F)C(*)(F)F,0.6272916666666666,4.101783752547981,1.4141772364823175,0.3481915291272176,-0.36,40.83025850025365,5.896975471277056,12.534034254540677,0.0,17.56166019069928,0.0,12.534034254540677,4.8375885837366335,0.0,1.0,0,0,1.6008
*c1ccc(C(F)(F)CC(*)(F)F)s1,0.1111668556311413,2.851596052992172,3.031967620191824,2.096343439831705,-0.5800000000000003,70.05718570560424,0.0,18.76879553587978,17.00988133062452,17.56166019069928,0.0,6.425444744859191,5.922529168094576,0.0,0.4285714285714285,0,0,1.7568
*c1ccc(C(F)(F)CC(*)(F)F)cc1,0.0201641235197782,2.9042644126592805,3.5344029322509205,1.4962251378217513,-1.0600000000000005,72.22574256058412,0.0,18.76879553587978,29.82891976554344,17.56166019069928,0.0,6.425444744859191,5.922529168094576,0.0,0.3333333333333333,0,1,1.7249
*C(=O)C(F)(F)CC(*)(F)F,1.1662500000000002,4.2487708148297765,1.9171598724369336,0.504970048190492,-0.6100000000000001,47.41115343378044,0.0,18.76879553587978,0.0,17.56166019069928,0.0,18.63413443608332,4.794537184071822,0.0,0.75,0,0,1.6107
*C(=S)C(F)(F)CC(*)(F)F,0.4053472222222221,4.2487708148297765,1.9171598724369336,0.8036109654499902,-0.19,53.91581206514199,0.0,18.76879553587978,0.0,17.56166019069928,0.0,17.71545680847001,0.0,0.0,0.75,1,0,1.7605
*NC(F)(F)CC(*)(F)F,0.7079166666666665,3.887594744367081,1.713035727205002,0.3556495895607427,-0.32,42.188057986727806,5.733667477162185,18.89273031886634,0.0,17.56166019069928,0.0,12.471908695940332,0.0,0.0,1.0,0,0,1.6205
*OC(F)(F)CC(*)(F)F,0.9579166666666664,3.887594744367081,1.6671598724369334,0.3394300255611275,-0.32,41.623043463006674,0.0,18.954855877466684,0.0,17.56166019069928,0.0,12.534034254540677,5.106527394840706,0.0,1.0,0,0,1.5813
*C(=O)C(F)(F)C(=O)C(*)(F)F,1.416666666666667,4.826777907334156,1.9141772364823175,0.5849993340637172,-0.9400000000000002,51.56811394129119,0.0,12.347973912953767,0.0,17.56166019069928,0.0,24.417379382448264,9.589074368143644,0.0,0.5,0,0,1.6328
*OC(F)(F)C(=O)C(*)(F)F,1.2083333333333337,4.4975656797147,1.6641772364823175,0.435983289441355,-0.6500000000000001,45.78000397051742,0.0,12.534034254540677,0.0,17.56166019069928,0.0,18.317279200905617,9.901064578912528,0.0,0.6666666666666666,0,0,1.5807
*OC(F)(F)C(=S)C(*)(F)F,1.0750000000000002,4.4975656797147,1.6641772364823175,0.827923322698872,-0.23,52.284662601878985,0.0,12.534034254540677,0.0,17.56166019069928,0.0,17.3986015732923,5.106527394840706,0.0,0.6666666666666666,1,0,1.6753
*c1ccc(C(F)(F)NC(*)(F)F)s1,0.138944633408919,2.851596052992172,2.8248608390052765,1.898869555786152,-0.6200000000000003,69.2010222526577,5.316788604006331,12.595843478926898,17.00988133062452,17.56166019069928,0.0,6.549379527845757,6.046463951081142,0.0,0.3333333333333333,0,0,1.7771
*c1ccc(C(F)(F)NC(*)(F)F)cc1,0.0405722867850844,2.9042644126592805,3.327296151064373,1.332271206831097,-1.1000000000000003,71.36957910763758,5.316788604006331,12.595843478926898,29.82891976554344,17.56166019069928,0.0,6.549379527845757,6.046463951081142,0.0,0.25,0,1,1.7422
*C(=O)C(F)(F)NC(*)(F)F,0.7523148148148144,4.2487708148297765,1.7100530912503862,0.3796649477936425,-0.6500000000000001,46.55498998083389,5.316788604006331,12.595843478926898,0.0,17.56166019069928,0.0,18.88200400205645,4.794537184071822,0.0,0.6666666666666666,0,0,1.6253
*C(=S)C(F)(F)NC(*)(F)F,0.5164583333333332,4.2487708148297765,1.7100530912503862,0.6360303703717,-0.23,53.05964861219545,5.316788604006331,12.595843478926898,0.0,17.56166019069928,0.0,17.963326374443138,0.0,0.0,0.6666666666666666,1,0,1.7879
*NC(F)(F)NC(*)(F)F,0.7704166666666665,3.887594744367081,1.5059289460184546,0.2514822365046136,-0.36,41.33189453378126,11.050456081168516,12.719778261913463,0.0,17.56166019069928,0.0,12.719778261913463,0.0,0.0,1.0,0,0,1.6331
*OC(F)(F)NC(*)(F)F,0.8298611111111107,3.887594744367081,1.460053091250386,0.2400132728125965,-0.36,40.76688001006013,5.316788604006331,12.78190382051381,0.0,17.56166019069928,0.0,12.78190382051381,5.106527394840706,0.0,1.0,0,0,1.5936
*c1ccc(-c2ccc(-c3ccc(-c4ccc(*)s4)s3)cc2)cc1,0.3065309687486122,1.60990444075386,7.030598196065482,5.668123162325501,-2.159999999999999,138.23820247253124,0.0,0.0,72.79640482153933,0.0,0.0,0.0,0.0,0.0,0.0,0,2,2.646
*C(=S)c1ccc(-c2ccc(-c3ccc(*)cc3)cc2)s1,0.1418684108880024,1.8916337807295731,5.915790448310592,4.32645167704778,-1.7699999999999994,122.096828832069,0.0,0.0,65.5408178783174,0.0,0.0,5.36748289551624,0.0,0.0,0.0,1,2,2.5024
*c1ccc(C(=S)c2ccc(-c3ccc(*)s3)s2)cc1,0.2902844941287401,1.897020152855574,5.413355136251495,5.204599138032447,-1.2899999999999996,119.92827197708912,0.0,0.0,58.97153523309117,0.0,0.0,4.864567318751625,0.0,0.0,0.0,1,1,2.7768
*Cc1ccc(CO*)s1,0.147944066515495,2.5918163053361463,2.3147138087681824,1.7739600053081757,-0.3400000000000001,51.8609609613048,0.0,13.530619164203545,21.88702852432582,0.0,0.0,0.0,18.637146559044247,0.0,0.3333333333333333,0,0,1.8606
*C(=O)c1ccc(C(=S)c2ccc(*)s2)s1,0.2244251018308556,2.304522786101898,3.796112076437508,4.137552096390244,-0.8399999999999999,95.11368285028544,0.0,0.0,38.89690985495034,0.0,0.0,11.15072784188118,0.0,0.0,0.0,1,0,2.2975
*C(=O)c1ccc(-c2ccc(-c3ccc(*)s3)s2)cc1,0.2271455890156284,1.9137139086630377,5.413355136251495,4.734407446396843,-1.7099999999999995,113.42361334572756,0.0,0.0,54.09438803938988,0.0,0.0,6.286160523129555,0.0,0.0,0.0,0,1,2.1519
*C(=O)c1ccc(-c2ccc(C(*)=S)s2)cc1,0.1266442217127642,2.327407285257368,4.298547388496604,3.392735961119121,-1.3199999999999998,97.28223970526533,0.0,0.0,46.83880109616796,0.0,0.0,11.653643418645796,0.0,0.0,0.0,1,1,2.244
*C(=O)c1ccc(-c2ccc(-c3ccc(*)s3)cc2)cc1,0.2352424490877704,1.8808761791656072,5.915790448310591,3.822766336358286,-2.1899999999999995,115.59217020070744,0.0,0.0,66.2271221763131,0.0,0.0,6.286160523129555,0.0,0.0,0.0,0,2,2.3607
*C(=O)c1ccc(C(=S)c2ccc(*)s2)cc1,0.2359151129587637,2.286723613086444,4.298547388496605,3.3592423120652306,-1.3199999999999998,97.28223970526533,0.0,0.0,52.40225258786495,0.0,0.0,11.15072784188118,0.0,0.0,0.0,1,1,2.1236
*C(=O)c1ccc(C(=S)c2ccc(*)cc2)cc1,0.2468157013340999,2.284394871094497,4.800982700555701,2.716766738231953,-1.7999999999999994,99.4507965602452,0.0,0.0,65.22129102278387,0.0,0.0,11.15072784188118,0.0,0.0,0.0,1,2,2.1209
*Nc1ccc(C(=O)O*)s1,0.1421296296296292,2.799121632357869,2.227180183450685,1.685839029102792,-1.03,54.95178652927368,0.0,0.0,17.00988133062452,5.001081976687867,0.0,5.969305287951849,5.106527394840706,0.0,0.0,0,0,2.0928
*CCCCCCNC(=S)Nc1ccc(NC(=S)N*)cc1,0.082546323406091,2.249365057722588,6.583168886103055,2.961432925793525,-1.4,131.1366748652449,11.050456081168516,32.60702369139466,24.26546827384644,11.374772549367124,0.0,16.769630175362092,0.0,0.0,0.4285714285714285,2,1,1.8822
*NC(=O)NC(=O)c1ccc(C(=S)c2ccc(-c3ccc(*)s3)s2)s1,0.2444373751384796,1.7676830338094789,6.319168114656262,6.719750684410498,-1.8699999999999983,149.8346242363464,11.050456081168516,0.0,51.02964399187356,4.794537184071822,0.0,16.8028615604412,0.0,0.0,0.0,1,0,2.2382
*c1ccc(C(=S)c2ccc(C(=S)C(=O)Nc3ccc(-c4ccc(*)s4)cc3)s2)s1,0.195476906671511,1.4313930847907088,8.14053531970218,7.866839561365411,-2.0299999999999985,186.37696744156423,0.0,0.0,75.29511226572001,5.687386274683562,0.0,15.636314366854757,4.794537184071822,0.0,0.0,2,1,2.4376
*OCC(=S)c1ccc(C(=S)Cc2ccc(-c3ccc(*)cc3)cc2)s1,0.0534452126550968,1.6780737472251577,7.469249899917156,5.822145078709175,-1.7199999999999995,156.81058499938234,0.0,6.4208216229260096,75.9814165637157,0.0,0.0,16.33601660201617,11.527349017766715,0.0,0.1,2,2,2.0738
*Nc1ccc(-c2ccc(C(=S)c3ccc(-c4ccc(Nc5ccc(*)cc5)s4)s3)s2)s1,0.1771596249881812,1.309247770455373,9.05121892222514,9.537635191875063,-2.2899999999999983,197.29524563497387,0.0,0.0,82.55069920894194,15.689550228059296,0.0,4.864567318751625,0.0,0.0,0.0,1,1,2.4299
*NC(=O)c1ccc(NC(=S)c2ccc(Nc3ccc(*)cc3)cc2)s1,0.0182593865849844,1.6372113053590844,7.119914593542522,4.557730142811495,-2.699999999999999,149.15861398584883,5.733667477162185,0.0,71.1042693700144,16.37585452605499,0.0,10.895681831089696,0.0,0.0,0.0,1,2,2.2302
*CCC(=O)OC(=O)Cc1ccc(-c2ccc(*)cc2)cc1,0.1451225644578819,1.982649265640474,6.269891162799385,2.785759377707026,-2.419999999999999,117.31758643463554,0.0,19.765380445542643,54.09438803938988,0.0,0.0,11.9386105759037,20.7467589448697,0.0,0.1764705882352941,0,2,1.7345
*Nc1ccc(NC(=O)NONC(*)=O)s1,0.1041758110115793,2.306305915005437,3.3854284739145486,1.8932072700429512,-1.8000000000000005,82.45093164591566,10.960193196242404,0.0,12.13273413692322,19.591238321519377,0.0,12.441209818454194,4.938314213673218,0.0,0.0,0,0,2.1192
*C(=S)C(=O)CCNc1ccc(C(=S)c2ccc(*)cc2)cc1,0.1344251653829578,1.9612084667478944,6.462213626974179,3.621608176828203,-1.9099999999999997,134.939538737875,0.0,6.4208216229260096,59.65783953108687,5.687386274683562,0.0,22.56005156654538,4.794537184071822,0.0,0.1176470588235294,2,2,2.3328
*c1ccc(-c2ccc(C(F)(F)C(*)(F)F)s2)s1,0.0940245890022675,2.3691887558465887,4.143792731992098,4.014610203222629,-0.8800000000000003,96.8601784849388,0.0,12.347973912953767,29.142615467547746,17.56166019069928,0.0,6.425444744859191,5.922529168094576,0.0,0.2,0,0,1.9785
*OC(=O)C(F)(F)C(*)(F)F,1.048587962962963,4.590778800906395,1.6641772364823175,0.4937136836875072,-0.8100000000000003,45.78000397051743,0.0,12.347973912953767,0.0,17.56166019069928,0.0,18.317279200905617,9.901064578912528,0.0,0.6666666666666666,0,0,1.5879
*c1ccc(C(F)(F)C(=O)C(*)(F)F)s1,0.2382454648526075,3.07871694100718,3.028984984237208,2.1042039420562264,-0.9100000000000004,74.21414621311499,0.0,12.347973912953767,17.00988133062452,17.56166019069928,0.0,12.20868969122413,10.717066352166398,0.0,0.2857142857142857,0,0,1.8032
*c1ccc(C(F)(F)C(=O)C(*)(F)F)cc1,0.1173154840639958,3.1123781837215967,3.5314202962963046,1.5376055931011714,-1.39,76.38270306809487,0.0,12.347973912953767,29.82891976554344,17.56166019069928,0.0,12.20868969122413,10.717066352166398,0.0,0.2222222222222222,0,1,1.7375
*OC(F)(F)OC(*)(F)F,1.0829166666666667,3.887594744367081,1.368301381714249,0.1959700166287586,-0.36,40.31120547705453,0.0,12.906154937714495,0.0,17.56166019069928,0.0,12.906154937714495,9.843390348640757,0.0,1.0,0,0,1.5596
